ACCIDENT_YEAR,COLLISION_DATE,COLLISION_TIME,MONTH,SEASON,24HOURS,DAY_OF_WEEK,INTERSECTION,WEATHER_1,STATE_HWY_IND,ROAD_SURFACE,ROAD_COND_1,LIGHTING,STWD_VEHTYPE_AT_FAULT,CHP_VEHTYPE_AT_FAULT,DIRECTION,PCF_VIOL_CATEGORY,TYPE_OF_COLLISION,PEDESTRIAN_ACCIDENT,BICYCLE_ACCIDENT,MOTORCYCLE_ACCIDENT,TRUCK_ACCIDENT,MVIW,TOW_AWAY,HIT_AND_RUN,CONTROL_DEVICE,NUMBER_INJURED,COUNT_PED_INJURED,COUNT_BICYCLIST_INJURED,COUNT_MC_INJURED,PCF_VIOLATION,PARTY_COUNT,POINT_Y,POINT_X,COLLISION_SEVERITY
2012,2012-04-25,1830,4,1,18,3,N,B,N,B,H,A,D,22,W,08,E,,,,,I,Y,N,D,1,0,0,0,22107.0,1,40.45478625,-122.27302151,3
2012,2012-04-25,1200,4,1,12,3,N,B,N,B,H,A,A,01,S,01,E,,,,,J,Y,N,D,1,0,0,0,23152.0,1,,,3
2012,2012-04-24,1450,4,1,14,2,N,A,N,A,H,A,A,07,S,08,B,,,,,C,Y,N,D,1,0,0,0,22107.0,2,40.55897079,-122.18803963,3
2012,2012-04-26,1100,4,1,11,4,N,F,Y,C,H,A,A,01,W,03,E,,,,,I,Y,N,D,2,0,0,0,22350.0,1,40.51006658,-121.95476412,2
2012,2012-04-20,1849,4,1,18,5,N,A,Y,A,H,A,A,07,N,05,C,,,,Y,E,N,N,D,1,0,0,0,21650.0,2,40.4387331,-122.29129245,3
2012,2012-05-10,755,5,1,7,4,N,A,N,A,H,A,A,01,S,21,D,,,,,C,Y,N,A,1,0,0,0,22106.0,2,40.45293328,-122.2893155,4
2012,2012-01-14,211,1,4,2,6,Y,A,N,A,H,C,A,01,,09,D,,,,,C,Y,F,D,1,0,0,0,21806.0,2,40.56371514,-122.34180351,4
2012,2012-01-20,45,1,4,0,5,Y,C,N,B,H,C,N,60,,- ,D,Y,,,,B,Y,N,A,1,1,0,0,,2,40.57108514,-122.36271351,2
2012,2012-01-03,931,1,4,9,2,Y,A,N,A,H,A,A,01,,12,D,,,,,C,N,N,A,2,0,0,0,21453.0,2,40.58841516,-122.35099345,4
2012,2012-01-26,2013,1,4,20,4,N,A,Y,A,H,C,N,60,W,11,G,Y,,,,B,N,N,A,1,1,0,0,21954.0,3,40.58534777,-122.4185312,2
2012,2012-01-10,1119,1,4,11,2,N,A,Y,A,H,A,A,01,E,21,C,,,,,C,N,N,A,1,0,0,0,22106.0,2,40.58668368,-122.3903999,4
2012,2012-02-21,1440,2,4,14,2,Y,A,N,A,H,A,A,01,,01,D,,,,,C,Y,N,A,1,0,0,0,23152.0,2,40.58446505,-122.39484354,4
2012,2012-02-04,1207,2,4,12,6,N,A,Y,A,H,A,A,01,N,03,C,,,,,C,Y,N,A,2,0,0,0,22350.0,3,40.58512416,-122.35628094,4
2012,2012-02-27,2240,2,4,22,1,N,A,N,A,H,C,N,60,S,11,G,Y,,,,B,N,N,D,1,1,0,0,21954.0,2,40.56321974,-122.34829516,3
2012,2012-02-21,1224,2,4,12,2,N,A,N,A,H,A,A,01,N,09,D,,,,,C,Y,N,A,1,0,0,0,21802.0,2,40.57641076,-122.35800838,4
2011,2011-12-15,2235,12,4,22,4,Y,A,Y,A,H,C,A,01,,09,D,,,,,C,Y,N,A,1,0,0,0,21801.0,2,40.58873498,-122.39267906,4
2012,2012-01-10,1448,1,4,14,2,N,A,N,A,H,A,D,22,,03,C,,,,,C,N,N,A,1,0,0,0,22350.0,2,40.57831511,-122.33868352,4
2012,2012-01-10,1505,1,4,15,2,N,A,N,-,H,A,-,- ,N,00,G,Y,,,,B,N,N,A,1,1,0,0,,2,40.57961039,-122.39422581,3
2012,2012-01-10,1611,1,4,16,2,N,A,N,A,H,A,L,04,W,05,D,,Y,,,G,N,N,D,1,0,1,0,21650.0,2,40.57108406,-122.3628936,4
2012,2012-01-11,1336,1,4,13,3,N,A,N,A,H,A,D,22,E,05,E,,,,,I,Y,N,A,1,0,0,0,21650.0,1,40.66516217,-122.32607659,3
2012,2012-01-11,2053,1,4,20,3,Y,A,N,A,H,D,D,22,,01,E,,,Y,,E,Y,N,D,1,0,0,0,23152.0,3,40.53470508,-122.33027345,3
2012,2012-01-27,1617,1,4,16,5,N,A,N,A,H,A,L,04,S,05,D,,Y,,,-,N,N,D,1,0,1,0,21650.0,2,40.62119908,-122.36535934,4
2012,2012-01-11,1912,1,4,19,3,N,A,N,A,H,C,D,22,E,10,G,Y,,,,B,N,N,A,1,1,0,0,21950.0,2,40.57628757,-122.38679945,4
2012,2012-01-09,1154,1,4,11,1,N,A,Y,A,H,A,A,01,S,03,C,,,,,C,Y,N,A,1,0,0,0,22350.0,2,40.52820598,-122.38331622,3
2012,2012-01-24,1644,1,4,16,2,N,B,N,A,H,A,A,01,S,09,D,,,,,C,N,N,D,1,0,0,0,21804.0,2,40.57757381,-122.33868618,4
2012,2012-01-31,852,1,4,8,2,Y,A,N,-,H,A,D,22,,- ,D,,,,,C,N,N,A,1,0,0,0,,2,40.57107506,-122.35546349,4
2012,2012-01-13,2030,1,4,20,5,Y,A,N,A,H,C,D,22,,12,D,,,,,C,Y,N,A,1,0,0,0,21453.0,2,40.57095514,-122.33881344,4
2012,2012-01-31,1404,1,4,14,2,Y,A,N,A,H,A,D,22,,12,G,Y,,,,B,N,F,A,1,1,0,0,21453.0,2,40.57460002,-122.38116989,3
2012,2012-01-17,1525,1,4,15,2,N,A,N,A,H,A,A,01,N,03,C,,,,,C,Y,N,A,1,0,0,0,22350.0,3,40.52502091,-122.38218592,4
2012,2012-01-25,1127,1,4,11,3,N,A,N,A,H,A,D,22,W,01,C,,,,,C,N,N,A,1,0,0,0,23153.0,2,40.58624683,-122.35172409,4
2012,2012-01-18,637,1,4,6,3,Y,A,N,A,H,C,-,- ,,00,D,,,,,C,Y,N,A,1,0,0,0,,2,40.58571508,-122.34731355,4
2012,2012-01-26,1212,1,4,12,4,Y,A,N,A,H,A,D,22,,03,C,,,,,C,N,N,A,2,0,0,0,22350.0,2,40.57973514,-122.40061349,4
2012,2012-01-14,2305,1,4,23,6,N,A,Y,A,H,C,A,01,E,01,C,,,,,C,Y,N,A,3,0,0,0,23152.0,4,40.52906495,-122.38345847,4
2012,2012-05-09,1500,5,1,15,3,Y,A,Y,A,H,A,A,08,,09,D,,,,,C,Y,N,D,1,0,0,0,21801.0,2,40.61283316,-122.36055472,4
2012,2012-05-01,1404,5,1,14,2,N,A,N,A,H,A,A,07,S,08,B,,,,,E,Y,N,D,1,0,0,0,22107.0,2,40.89152267,-122.38449901,4
2012,2012-05-02,1615,5,1,16,3,N,B,Y,A,H,A,D,22,E,05,A,,,,,C,Y,N,D,2,0,0,0,21460.0,2,40.3813028,-123.01286413,3
2012,2012-05-09,1515,5,1,15,3,N,A,Y,A,H,A,A,01,N,07,B,,,,Y,C,Y,N,D,1,0,0,0,21658.0,2,40.86944556,-122.36649684,4
2012,2012-02-29,1851,2,4,18,3,Y,B,N,A,H,C,A,01,,09,B,,,,,C,Y,N,D,1,0,0,0,21800.0,2,40.58774508,-122.32482357,3
2012,2012-01-19,1215,1,4,12,4,N,C,Y,B,H,A,A,01,E,01,C,,,,,E,Y,N,D,1,0,0,0,23152.0,3,40.58514191,-122.42041622,4
2012,2012-01-06,1719,1,4,17,5,N,A,N,A,H,C,A,01,S,03,C,,,,,C,N,N,A,1,0,0,0,22350.0,2,40.57300387,-122.35311357,4
2012,2012-01-06,2020,1,4,20,5,N,A,Y,A,H,C,A,07,E,03,C,,,,,C,Y,N,A,1,0,0,0,22350.0,2,40.56665724,-122.36016686,4
2012,2012-01-07,1312,1,4,13,6,Y,A,Y,A,H,A,A,07,,03,C,,,,,C,N,N,A,1,0,0,0,22350.0,2,40.57764595,-122.33425403,4
2012,2012-01-07,1330,1,4,13,6,N,A,N,A,H,A,A,07,S,09,D,,,,,C,N,N,D,1,0,0,0,21801.0,2,40.57783614,-122.37563335,3
2012,2012-01-10,400,1,4,4,2,N,A,N,A,H,D,-,- ,N,05,E,,,,,I,Y,N,D,1,0,0,0,21650.0,1,40.53107485,-122.3027799,3
2012,2012-01-10,1943,1,4,19,2,Y,A,N,A,H,C,A,01,,09,H,,Y,,,G,N,N,A,1,0,1,0,21801.0,2,40.62114516,-122.4635335,3
2012,2012-01-21,2102,1,4,21,6,N,A,N,A,H,C,A,01,N,05,E,,,,,I,Y,N,D,1,0,0,0,21650.0,1,40.51641017,-122.35982903,4
2012,2012-01-19,1043,1,4,10,4,Y,B,N,B,H,A,A,01,,08,D,,,,,C,Y,N,A,1,0,0,0,22107.0,2,40.57108511,-122.34530349,4
2012,2012-01-14,1359,1,4,13,6,N,A,N,A,H,A,A,01,W,05,B,,,,,C,N,N,D,1,0,0,0,21650.0,2,40.63551199,-122.42334947,4
2012,2012-01-20,940,1,4,9,5,Y,C,N,B,H,A,A,01,,03,C,,,,,C,N,N,A,1,0,0,0,22350.0,2,40.57108514,-122.36271351,4
2012,2012-01-20,1916,1,4,19,5,Y,C,N,B,H,C,A,01,,03,D,,,,,C,N,N,A,2,0,0,0,22350.0,2,40.59956516,-122.38410352,4
2012,2012-01-27,1000,1,4,10,5,Y,A,N,A,H,A,L,04,,12,H,,Y,,,G,N,N,A,1,0,1,0,21453.0,2,40.58182003,-122.35776988,3
2012,2012-01-30,1555,1,4,15,1,N,A,Y,A,H,A,A,01,S,03,C,,,,,C,N,N,A,1,0,0,0,22350.0,2,40.58567521,-122.39000352,4
2012,2012-01-31,1045,1,4,10,2,N,A,N,A,H,A,A,01,E,09,D,,,Y,,C,Y,N,D,1,0,0,1,21804.0,2,40.60969938,-122.37878122,3
2012,2012-01-31,1529,1,4,15,2,N,A,N,A,H,A,L,04,N,11,H,,Y,,,G,N,N,D,1,0,1,0,21954.0,2,40.56525416,-122.35312785,2
2012,2012-01-22,1400,1,4,14,7,N,C,N,B,H,A,A,01,S,- ,F,,,,,A,N,N,D,1,0,0,0,,1,40.53691134,-122.38428855,4
2012,2012-01-24,1341,1,4,13,2,Y,B,N,A,H,A,A,08,,12,D,,,,,C,Y,N,A,1,0,0,0,21453.0,2,40.58563509,-122.34371347,4
2012,2012-01-26,1057,1,4,10,4,Y,B,N,B,H,A,A,01,,08,B,,,,,C,N,N,A,1,0,0,0,22107.0,3,40.57973514,-122.40061349,4
2012,2012-04-30,2015,4,1,20,1,N,A,Y,A,H,D,A,01,N,08,E,,,,,I,Y,N,D,1,0,0,0,22107.0,1,40.64474522,-122.36392353,4
2012,2012-04-30,1855,4,1,18,1,N,A,Y,A,H,A,C,02,W,08,F,,,Y,,A,N,N,D,1,0,0,1,22107.0,1,40.61977344,-122.32279372,3
2012,2012-04-21,1915,4,1,19,6,N,A,Y,A,H,A,A,01,N,01,E,,,,,I,Y,M,D,1,0,0,0,23152.0,1,40.87322415,-121.55520295,3
2012,2012-05-03,30,5,1,0,4,N,B,Y,A,H,C,A,01,W,01,F,,,,,A,Y,N,D,2,0,0,0,23152.0,1,40.58552727,-122.36181536,3
2012,2012-05-06,1915,5,1,19,7,N,A,Y,A,H,A,C,02,W,01,E,,,Y,,H,Y,N,D,1,0,0,1,23152.0,1,40.51430755,-122.04817012,3
2012,2012-05-05,936,5,1,9,6,N,A,Y,A,H,A,A,01,E,08,E,,,,,I,Y,N,D,1,0,0,0,22107.0,1,40.73048744,-122.0763726,3
2012,2012-05-09,1420,5,1,14,3,N,A,N,A,H,A,A,01,N,08,E,,,,,I,N,N,D,1,0,0,0,22107.0,1,40.80948452,-122.31720954,3
2012,2012-05-05,1620,5,1,16,6,N,A,Y,A,H,A,C,02,E,08,F,,,Y,,A,Y,N,D,1,0,0,1,22107.0,1,40.6430866,-122.72860795,3
2012,2012-02-04,2136,2,4,21,6,N,A,N,A,H,C,C,02,W,03,C,,,Y,,C,Y,N,A,1,0,0,1,22350.0,2,40.57708304,-122.41242208,4
2012,2012-02-06,1421,2,4,14,1,Y,A,N,A,H,A,L,04,,10,D,,Y,,,G,N,F,A,1,0,1,0,21950.0,2,40.5637851,-122.35313353,3
2012,2012-02-27,1446,2,4,14,1,N,B,N,A,H,A,L,04,S,03,E,,Y,,,I,N,N,D,1,0,1,0,22350.0,1,40.54405686,-122.38304713,3
2012,2012-02-08,1552,2,4,15,3,N,A,N,A,H,A,A,01,E,03,C,,,,,C,N,N,A,1,0,0,0,22350.0,2,40.56373121,-122.32843949,4
2012,2012-02-08,1722,2,4,17,3,Y,A,N,A,H,A,A,01,,03,C,,,,,C,Y,N,D,1,0,0,0,22350.0,3,40.56771511,-122.32556347,4
2012,2012-02-09,1355,2,4,13,4,N,A,N,A,H,A,D,22,N,03,-,,,,,C,Y,N,A,1,0,0,0,22350.0,2,40.57242124,-122.35810182,4
2012,2012-02-10,1735,2,4,17,5,N,A,N,A,H,-,A,01,S,03,C,,,,,C,N,N,D,1,0,0,0,22350.0,2,40.5751467,-122.35309608,4
2012,2012-02-11,2253,2,4,22,6,N,A,N,A,H,C,-,- ,W,05,E,,,,,I,Y,N,D,1,0,0,0,21650.0,1,40.59484997,-122.41342447,4
2012,2012-02-23,2243,2,4,22,4,N,A,N,A,H,C,D,22,E,01,E,,,,,I,Y,N,A,2,0,0,0,23152.0,1,40.57107517,-122.35811036,3
2012,2012-02-25,1523,2,4,15,6,N,A,N,A,H,A,L,04,N,08,D,,Y,,,G,N,N,D,1,0,1,0,22107.0,2,40.57761433,-122.32253357,4
2012,2012-02-28,711,2,4,7,2,N,B,N,A,H,A,A,01,N,05,A,,,,,C,Y,N,D,6,0,0,0,21460.0,2,40.50467218,-122.37942441,3
2012,2012-02-21,835,2,4,8,2,N,A,N,A,H,A,A,01,W,09,A,,,,,C,Y,N,D,2,0,0,0,21801.0,2,40.56374545,-122.34728237,4
2012,2012-02-08,823,2,4,8,3,Y,A,Y,A,H,A,-,- ,,09,-,,,,,C,Y,N,A,2,0,0,0,21802.0,2,40.54386342,-122.38628007,3
2012,2012-02-11,1354,2,4,13,6,Y,A,Y,A,H,A,L,04,,05,B,,Y,,,G,N,N,A,1,0,1,0,21650.0,2,40.58765521,-122.39231352,3
2012,2012-02-15,1656,2,4,16,3,N,A,Y,A,H,A,-,- ,N,03,C,,,,,C,N,N,A,2,0,0,0,22350.0,2,40.52956628,-122.3837448,3
2012,2012-02-18,1942,2,4,19,6,N,A,Y,A,H,C,A,01,E,03,C,,,Y,,C,Y,N,A,1,0,0,1,22350.0,2,40.6123085,-122.36273131,4
2012,2012-02-27,1604,2,4,16,1,Y,A,Y,A,H,A,A,08,,12,D,,Y,,,G,N,N,A,1,0,1,0,21453.0,2,40.58698718,-122.38919511,4
2012,2012-02-06,1522,2,4,15,1,N,A,Y,A,H,A,A,01,E,09,D,,,,,C,Y,N,D,1,0,0,0,21804.0,3,40.58662378,-122.40318647,4
2012,2012-02-02,827,2,4,8,4,Y,B,N,A,H,A,A,01,,03,C,,,,,C,Y,N,D,2,0,0,0,22350.0,2,40.54249512,-122.37617352,4
2012,2012-02-02,1911,2,4,19,4,N,A,N,A,H,C,A,01,N,03,C,,,,,C,Y,N,A,2,0,0,0,22350.0,2,40.61326443,-122.34916993,4
2012,2012-02-02,2306,2,4,23,4,N,A,N,A,H,C,-,- ,E,- ,H,,,,,H,N,N,A,1,0,0,0,,1,40.57125131,-122.4013263,4
2012,2012-01-14,1457,1,4,14,6,Y,A,N,A,H,A,-,- ,,10,G,Y,,,,B,N,N,D,1,1,0,0,21950.0,2,40.58839005,-122.35330995,4
2012,2012-05-24,820,5,1,8,4,N,A,Y,A,D,A,D,22,W,03,D,,,,,C,Y,N,A,2,0,0,0,22350.0,3,40.53464042,-122.15318102,4
2012,2012-05-20,1900,5,1,19,7,N,A,N,A,H,A,D,22,E,08,E,,,,,I,Y,N,D,2,0,0,0,22107.0,1,40.77312308,-122.3083511,4
2012,2012-05-21,1150,5,1,11,1,N,A,Y,A,H,A,D,22,N,08,E,,,,,I,Y,N,D,1,0,0,0,22107.0,1,40.46824149,-122.32761507,4
2012,2012-04-25,2300,4,1,23,3,N,C,Y,B,H,D,A,01,W,01,A,,,,,C,Y,N,D,2,0,0,0,23152.0,2,40.51340985,-122.05617156,3
2012,2012-05-10,1525,5,1,15,4,N,A,Y,A,H,A,A,01,E,01,E,,,,,I,N,N,D,1,0,0,0,23152.0,1,,,3
2012,2012-05-10,1700,5,1,17,4,N,A,Y,A,H,A,A,01,E,08,E,,,,,I,N,N,D,1,0,0,0,22107.0,1,40.66884797,-122.69377525,3
2012,2012-05-16,1257,5,1,12,3,N,A,N,A,H,A,A,01,W,01,E,,,,,I,Y,N,D,1,0,0,0,23152.0,1,40.54929518,-122.17413354,2
2012,2012-07-08,1250,7,2,12,7,N,A,N,A,H,A,C,06,E,03,E,,,Y,,I,Y,N,D,0,0,0,0,22350.0,1,40.52000813,-121.90618935,1
2012,2012-07-28,1930,7,2,19,6,N,A,Y,A,H,A,A,01,N,08,H,,Y,,,G,Y,N,D,1,0,1,0,22107.0,3,40.71506234,-121.42281082,1
2012,2012-08-14,1410,8,2,14,2,N,A,Y,A,H,A,A,07,E,08,E,,,,,I,Y,N,D,0,0,0,0,22107.0,1,40.62215282,-122.31146273,1
2012,2012-07-17,1731,7,2,17,2,Y,A,N,A,H,A,C,02,,03,D,,,Y,,C,Y,N,D,1,0,0,0,22350.0,2,40.58378513,-122.32448346,1
2012,2012-09-02,530,9,3,5,7,N,A,N,A,H,D,D,22,W,11,G,Y,,,,B,N,N,D,0,0,0,0,21954.0,2,41.05952752,-121.46314776,1
2012,2012-09-21,2313,9,3,23,5,Y,A,Y,A,H,C,-,- ,,- ,D,,,Y,,C,Y,N,A,1,0,0,0,,2,40.39309521,-122.28511348,1
2012,2012-09-23,1958,9,3,19,7,N,A,Y,A,H,D,D,22,W,01,F,,,,,A,Y,N,D,0,0,0,0,23152.0,1,40.49312495,-121.88246696,1
2012,2012-04-02,1944,4,1,19,1,N,A,N,A,H,C,A,01,N,03,C,,,,,C,Y,N,D,1,0,0,0,22350.0,3,40.55886792,-122.3385695,1
2012,2012-11-19,1619,11,3,16,1,N,B,N,A,H,A,D,22,S,05,E,,,,,I,Y,N,D,0,0,0,0,21650.0,1,40.49193133,-122.23876145,1
2012,2012-02-29,614,2,4,6,3,N,B,Y,C,B,B,D,22,N,08,G,Y,,,,B,Y,N,D,2,1,0,0,22107.0,6,40.40449053,-122.28146563,1
2012,2012-11-19,1455,11,3,14,1,N,B,Y,B,H,A,A,01,E,03,E,,,,,I,Y,N,D,1,0,0,0,22350.0,1,40.77739526,-121.98123349,1
2012,2012-11-28,917,11,3,9,3,N,B,Y,B,H,A,D,22,E,05,A,,,,Y,C,Y,N,D,0,0,0,0,21460.0,2,40.83036008,-121.92752817,1
2012,2012-11-11,1810,11,3,18,7,N,A,N,A,H,D,D,22,W,08,E,,,,,I,Y,N,D,0,0,0,0,22107.0,1,40.49907149,-122.45975465,1
2012,2012-11-08,155,11,3,1,4,Y,A,Y,A,H,C,-,- ,,12,D,,,,Y,C,Y,N,A,1,0,0,0,21453.0,2,40.55458915,-122.38816054,1
2012,2012-12-23,1,12,4,0,7,N,B,N,B,H,D,D,22,E,01,E,,,,,I,Y,N,D,0,0,0,0,23152.0,1,40.48621881,-122.5624231,1
2013,2013-01-14,1940,1,4,19,1,N,A,Y,A,H,D,A,01,W,03,H,,Y,,,G,N,N,D,0,0,0,0,22350.0,2,40.6363086,-122.2493293,1
2012,2012-12-18,1839,12,4,18,2,N,A,N,A,H,D,N,60,S,11,G,Y,,,,B,Y,N,A,0,0,0,0,21954.0,2,40.57831789,-122.35795621,1
2012,2012-12-21,631,12,4,6,5,Y,B,N,C,H,C,N,60,,11,G,Y,,,,B,Y,N,D,0,0,0,0,21954.0,3,40.55962511,-122.33879348,1
2013,2013-02-20,335,2,4,3,3,N,A,Y,A,H,C,A,01,N,01,F,,,,,A,Y,N,A,0,0,0,0,23152.0,1,40.5851652,-122.3603535,1
2013,2013-02-02,2207,2,4,22,6,N,A,N,A,H,D,D,22,W,01,E,,,,,J,Y,N,D,2,0,0,0,23152.0,1,40.5027982,-122.5538331,1
2012,2012-05-22,1656,5,1,16,2,N,A,N,A,H,A,A,01,E,03,C,,,,,C,Y,N,D,1,0,0,0,22350.0,2,40.38928869,-122.28941373,3
2012,2012-05-17,1805,5,1,18,4,N,A,N,A,H,A,A,01,E,08,E,,,,,J,Y,N,D,1,0,0,0,22107.0,1,40.61503742,-121.93883988,2
2012,2012-05-16,1005,5,1,10,3,N,A,Y,A,H,A,A,01,S,01,E,,,,,I,Y,M,A,1,0,0,0,23152.0,1,40.62773338,-122.3679535,3
2012,2012-05-16,2008,5,1,20,3,N,A,N,A,H,A,C,02,E,03,F,,,Y,,J,N,N,D,1,0,0,1,22350.0,1,40.4774657,-122.62940064,2
2012,2012-05-15,1635,5,1,16,2,Y,A,Y,A,H,A,A,01,,12,D,,,,,C,Y,N,A,2,0,0,0,22450.0,2,40.58985854,-122.46096941,4
2012,2012-05-25,1703,5,1,17,5,N,B,Y,B,H,A,A,07,S,03,F,,,,,A,Y,N,D,1,0,0,0,22350.0,1,41.12776992,-121.63851072,3
2012,2012-05-11,1657,5,1,16,5,N,A,N,A,H,A,B,01,S,04,C,,,,,C,N,N,A,1,0,0,0,21703.0,2,40.66383793,-122.35710721,4
2012,2012-06-10,445,6,2,4,7,N,A,N,A,H,D,A,01,N,08,E,,,,,J,Y,N,D,1,0,0,0,22107.0,1,40.62999226,-121.98378547,4
2012,2012-06-10,1550,6,2,15,7,N,A,N,A,H,A,C,02,W,08,F,,,Y,,A,N,N,A,1,0,0,1,22107.0,1,40.67934909,-121.87218994,4
2012,2012-06-13,1039,6,2,10,3,Y,A,Y,A,H,A,A,01,,09,D,,,,,C,Y,N,A,2,0,0,0,21802.0,2,40.48130352,-122.34644513,3
2012,2012-06-04,1255,6,2,12,1,N,B,Y,A,H,A,A,07,S,08,E,,,,,I,Y,N,D,1,0,0,0,22107.0,1,40.48648469,-122.35429682,3
2012,2012-06-10,1922,6,2,19,7,N,A,Y,A,H,A,A,01,S,03,C,,,,,C,Y,N,D,2,0,0,0,22350.0,2,40.49198197,-122.36234986,4
2012,2012-06-13,2008,6,2,20,3,Y,A,N,A,H,D,C,02,,03,H,,,Y,,A,N,N,D,1,0,0,1,22350.0,1,40.4547551,-122.28006344,4
2012,2012-06-13,1506,6,2,15,3,N,A,Y,A,H,A,D,23,W,03,C,,,,,C,Y,N,D,3,0,0,0,22350.0,4,40.83250215,-121.92711866,4
2012,2012-06-16,1350,6,2,13,6,N,A,Y,A,H,A,A,01,W,09,D,,,,,C,N,N,D,2,0,0,0,21804.0,2,40.51176526,-121.81636342,4
2012,2012-06-16,1920,6,2,19,6,N,A,Y,A,H,A,A,07,E,06,D,,,,Y,C,Y,N,D,1,0,0,0,21755.0,2,41.0681973,-121.34642702,3
2012,2012-06-06,1719,6,2,17,3,N,A,N,A,H,A,D,22,S,01,E,,,,,I,Y,N,D,1,0,0,0,23152.0,1,40.47065561,-122.42621234,4
2012,2012-06-20,1110,6,2,11,3,N,A,N,A,H,A,D,22,E,08,E,,,,,I,Y,N,D,1,0,0,0,22107.0,1,40.66292099,-122.39542991,2
2012,2012-06-09,1830,6,2,18,6,Y,A,N,A,H,A,L,04,,09,D,,Y,,,G,N,F,A,1,0,1,0,21802.0,2,40.4649251,-122.32728345,2
2012,2012-06-13,1500,6,2,15,3,Y,A,Y,A,H,A,C,02,,03,C,,,Y,,C,Y,N,D,2,0,0,2,22350.0,2,40.54474528,-121.57770339,3
2012,2012-05-24,2305,5,1,23,4,N,A,N,A,H,D,D,22,S,01,F,,,,,A,Y,N,D,1,0,0,0,23152.0,1,40.53698311,-122.1740892,3
2012,2012-06-04,850,6,2,8,1,N,C,N,B,H,A,D,22,E,08,E,,,,,I,Y,N,D,1,0,0,0,22107.0,1,40.57005889,-122.11730192,3
2012,2012-06-06,1906,6,2,19,3,Y,A,N,A,H,A,A,01,,09,A,,,,,A,Y,N,D,1,0,0,0,21804.0,2,40.54391508,-122.4659635,4
2012,2012-06-04,1743,6,2,17,1,N,B,Y,B,H,A,D,22,S,03,E,,,,,I,Y,N,D,1,0,0,0,22350.0,1,40.42993722,-122.28445108,3
2012,2012-04-19,1010,4,1,10,4,Y,A,N,A,H,A,-,- ,,03,A,,,,,J,Y,N,A,1,0,0,0,22350.0,1,40.6750251,-122.40169352,3
2012,2012-06-03,1535,6,2,15,7,N,A,Y,A,H,A,G,25,S,17,F,,,,Y,A,Y,N,D,1,0,0,0,21711.0,1,41.0910031,-122.35187471,3
2012,2012-06-06,1506,6,2,15,3,Y,A,N,A,H,A,G,25,,08,B,,,,Y,C,N,N,A,1,0,0,0,22107.0,2,40.43352224,-122.28981525,4
2012,2012-06-17,2052,6,2,20,7,Y,A,N,A,H,C,L,04,,09,D,,Y,,,G,Y,N,A,1,0,1,0,21804.0,2,40.58536507,-122.39132347,3
2012,2012-06-15,2200,6,2,22,5,N,A,N,A,H,D,C,02,W,08,F,,,Y,,A,N,N,D,1,0,0,1,22107.0,1,40.48971453,-122.39709109,3
2012,2012-06-18,1310,6,2,13,1,N,A,Y,A,H,A,C,02,W,08,D,,,Y,,D,Y,N,D,1,0,0,1,22107.0,2,40.50744225,-121.96067618,3
2012,2012-06-17,1427,6,2,14,7,N,A,Y,A,H,A,C,02,W,03,C,,,Y,,C,N,N,D,1,0,0,1,22350.0,3,40.61699313,-121.4980139,3
2012,2012-06-27,1040,6,2,10,3,N,A,Y,A,H,A,D,22,N,08,F,,,,,A,Y,N,D,1,0,0,0,22107.0,1,40.47384234,-122.3358004,3
2012,2012-06-05,1055,6,2,10,2,N,B,Y,A,H,A,G,25,S,03,F,,,,Y,A,Y,N,D,1,0,0,0,22350.0,1,41.0904086,-122.35242576,3
2012,2012-07-09,1635,7,2,16,1,N,A,N,A,H,A,C,02,S,03,F,,,Y,,A,Y,N,D,1,0,0,1,22350.0,2,40.47378868,-121.87518813,3
2012,2012-07-13,2220,7,2,22,5,N,A,Y,A,H,D,D,22,W,01,B,,,,,C,Y,N,D,1,0,0,0,23152.0,2,40.49474218,-121.87008686,3
2012,2012-06-27,1917,6,2,19,3,N,A,Y,A,H,A,D,22,N,03,E,,,,,I,N,N,D,1,0,0,0,22350.0,1,40.39460217,-122.28420678,4
2012,2012-06-29,1315,6,2,13,5,N,A,N,A,H,A,D,22,S,08,B,,,Y,,C,N,N,D,1,0,0,1,22100.0,2,40.5911115,-122.24656508,3
2012,2012-07-04,1500,7,2,15,3,N,A,N,A,H,A,D,22,E,08,E,,,,,I,Y,N,D,1,0,0,0,22107.0,1,40.47578099,-122.18888024,3
2012,2012-07-09,400,7,2,4,1,N,A,Y,A,H,A,D,22,N,08,E,,,,,I,Y,N,D,4,0,0,0,22107.0,1,40.48030244,-122.3190721,2
2012,2012-07-09,1300,7,2,13,1,Y,A,Y,A,H,A,D,22,,09,D,,,,,C,Y,N,A,2,0,0,0,21802.0,2,40.62172401,-122.31474847,3
2012,2012-06-24,1825,6,2,18,7,N,A,N,A,H,A,C,02,W,01,F,,,Y,,A,Y,N,D,1,0,0,1,23152.0,1,40.44701775,-122.25853017,3
2012,2012-06-18,150,6,2,1,1,N,A,N,A,H,D,A,01,W,01,E,,,,,I,Y,N,D,4,0,0,0,23152.0,1,40.45624345,-122.43936525,4
2012,2012-06-27,1620,6,2,16,3,N,A,Y,A,H,A,M,47,S,08,E,,,,,I,Y,N,D,2,0,0,0,22107.0,1,40.90347028,-121.58230126,3
2012,2012-06-19,2045,6,2,20,2,N,A,Y,A,H,D,A,01,S,08,E,,,,,I,N,N,D,2,0,0,0,22107.0,1,40.80234506,-122.32722798,3
2012,2012-06-28,1405,6,2,14,4,N,A,Y,A,H,A,A,01,S,04,C,,,,,C,Y,N,D,2,0,0,0,21703.0,2,40.50391889,-122.33678419,4