ACCIDENT_YEAR,COLLISION_DATE,COLLISION_TIME,MONTH,SEASON,24HOURS,DAY_OF_WEEK,INTERSECTION,WEATHER_1,STATE_HWY_IND,ROAD_SURFACE,ROAD_COND_1,LIGHTING,STWD_VEHTYPE_AT_FAULT,CHP_VEHTYPE_AT_FAULT,DIRECTION,PCF_VIOL_CATEGORY,TYPE_OF_COLLISION,PEDESTRIAN_ACCIDENT,BICYCLE_ACCIDENT,MOTORCYCLE_ACCIDENT,TRUCK_ACCIDENT,MVIW,TOW_AWAY,HIT_AND_RUN,CONTROL_DEVICE,NUMBER_INJURED,COUNT_PED_INJURED,COUNT_BICYCLIST_INJURED,COUNT_MC_INJURED,PCF_VIOLATION,PARTY_COUNT,POINT_Y,POINT_X,COLLISION_SEVERITY
2012,2012-10-01,1555,10,3,15,1,N,A,N,A,H,A,A,01,S,09,G,Y,,,,B,N,N,D,1,1,0,0,21804.0,2,,,4
2013,2013-04-21,5,4,1,0,7,N,A,N,A,H,D,D,22,E,01,F,,,,,A,Y,N,D,1,0,0,0,23152.0,1,40.7310326,-122.23243654,3
2013,2013-04-27,2353,4,1,23,6,N,A,Y,A,H,D,D,22,S,01,E,,,,,I,Y,N,D,2,0,0,0,23152.0,1,40.6381452,-122.3660935,3
2013,2013-05-06,820,5,1,8,1,N,B,N,B,H,A,A,01,W,03,E,,,,,I,Y,N,D,1,0,0,0,22350.0,1,40.4893427,-122.3742006,3
2013,2013-04-21,1510,4,1,15,7,N,A,Y,A,H,A,A,07,E,08,D,,,,,C,N,N,D,1,0,0,0,22107.0,2,40.5612222,-122.2554435,4
2013,2013-04-24,1435,4,1,14,3,N,A,Y,A,H,A,A,07,E,01,E,,,,,I,Y,N,D,1,0,0,0,23152.0,1,40.5230517,-121.6806428,4
2013,2013-04-13,220,4,1,2,6,N,A,N,A,H,C,A,01,N,01,E,,,,,I,Y,N,D,1,0,0,0,23152.0,1,40.61542452,-122.42277324,3
2013,2013-04-16,1240,4,1,12,2,N,A,Y,A,H,A,A,08,W,08,E,,,,,I,Y,N,D,1,0,0,0,22107.0,1,40.6732074,-122.6745174,2
2013,2013-05-01,1550,5,1,15,3,N,A,Y,A,H,A,D,22,E,09,D,,,,,C,N,N,D,2,0,0,0,21801.0,2,40.8911549,-121.6518154,4
2013,2013-05-02,803,5,1,8,4,N,A,Y,A,H,A,D,22,N,07,B,,,,,C,Y,N,D,1,0,0,0,21658.0,2,40.5115549,-122.3418007,3
2013,2013-05-09,1140,5,1,11,4,N,A,Y,A,H,A,D,22,W,05,A,,,,,C,Y,N,D,3,0,0,0,21460.0,2,40.6507562,-122.6163647,2
2011,2011-10-31,725,10,3,7,1,Y,A,N,A,H,A,A,07,,- ,D,,,,,C,Y,N,A,3,0,0,0,,2,40.56476,-122.35312,4
2013,2013-05-10,1558,5,1,15,5,N,A,N,A,H,A,D,22,E,05,E,,,,,I,Y,N,D,1,0,0,0,21650.0,1,40.4637889,-122.3100737,3
2013,2013-05-13,1627,5,1,16,1,Y,A,N,A,H,A,-,- ,,- ,D,,,,,C,N,N,A,1,0,0,0,,2,40.452105,-122.2995034,4
2013,2013-04-27,2045,4,1,20,6,N,A,Y,A,H,D,A,01,E,01,C,,,,,H,Y,N,D,3,0,0,0,23152.0,2,40.6465754,-122.2232531,4
2013,2013-04-26,2050,4,1,20,5,N,A,N,A,H,D,C,02,S,01,E,,,Y,,J,Y,N,D,1,0,0,1,23152.0,1,40.6229263,-122.319484,2
2013,2013-04-26,1407,4,1,14,5,N,A,N,A,H,A,A,07,S,09,D,,,Y,,C,N,N,A,1,0,0,1,21804.0,2,40.4438938,-122.2504888,2
2013,2013-04-29,925,4,1,9,1,N,A,Y,A,H,A,C,02,W,08,E,,,Y,,J,N,N,D,0,0,0,0,22107.0,1,40.6608452,-122.1936035,1
2013,2013-04-28,1520,4,1,15,7,N,A,N,A,H,A,A,01,S,01,F,,,,,A,Y,N,D,1,0,0,0,23152.0,1,40.5759258,-122.238802,4
2013,2013-05-04,1123,5,1,11,6,Y,A,Y,A,H,A,A,01,,12,D,,,,,C,Y,N,A,2,0,0,0,22450.0,2,40.6199552,-122.3231735,4
2013,2013-04-23,2500,4,1,25,2,N,A,Y,A,H,D,D,22,W,08,E,,,,,I,Y,N,D,2,0,0,0,22107.0,1,40.8651391,-121.8297617,3
2013,2013-05-11,810,5,1,8,6,N,A,Y,A,H,A,D,22,S,08,E,,,,,J,Y,N,D,1,0,0,0,22107.0,1,40.8223555,-122.3254222,4
2013,2013-07-22,505,7,2,5,1,N,A,N,A,H,B,-,- ,N,18,H,,,,,H,Y,N,D,1,0,0,0,,1,40.4252609,-122.4072118,4
2013,2013-05-16,2300,5,1,23,4,Y,B,N,A,H,C,D,22,,12,D,,,,,C,Y,M,A,2,0,0,0,22450.0,2,40.439435,-122.4076434,4
2013,2013-05-23,1345,5,1,13,4,N,A,Y,A,H,A,D,22,E,08,E,,,,,I,Y,N,A,1,0,0,0,22107.0,1,40.6726719,-122.1704821,3
2013,2013-05-26,317,5,1,3,7,N,A,N,A,H,D,A,01,W,01,F,,,,,I,Y,N,D,6,0,0,0,23153.0,1,41.0508053,-121.443214,2
2013,2013-05-25,1305,5,1,13,6,N,A,Y,A,H,A,A,07,E,21,C,,,,,C,N,N,A,1,0,0,0,22106.0,2,40.5851242,-122.3562809,4
2013,2013-05-07,100,5,1,1,2,N,B,Y,B,H,D,A,01,N,03,E,,,,,I,Y,N,D,1,0,0,0,22350.0,1,41.1514864,-122.3044735,2
2013,2013-05-19,55,5,1,0,7,N,A,N,A,H,D,A,01,W,03,E,,,,,I,Y,N,D,2,0,0,0,22350.0,1,40.5452002,-122.4984667,3
2013,2013-05-05,2145,5,1,21,7,N,A,Y,A,H,D,A,01,E,01,E,,,,,I,Y,N,D,1,0,0,0,23152.0,1,40.7200354,-122.0819084,3
2013,2013-05-10,1330,5,1,13,5,N,A,Y,A,H,A,A,01,E,08,F,,,,,A,Y,N,D,1,0,0,0,22107.0,1,40.5333463,-122.135589,4
2013,2013-05-14,1335,5,1,13,2,N,A,Y,A,H,A,A,01,E,08,E,,,,,I,Y,N,D,3,0,0,0,22107.0,1,40.5135084,-122.023472,4
2013,2013-05-16,1735,5,1,17,4,N,B,N,A,H,A,C,02,E,08,E,,,Y,,I,Y,N,D,1,0,0,1,22107.0,1,40.5920719,-122.295592,3
2013,2013-05-15,2035,5,1,20,3,N,A,N,A,H,D,A,08,S,01,E,,,,,I,N,N,D,1,0,0,0,23152.0,1,40.6264998,-122.2342146,3
2013,2013-05-11,2045,5,1,20,6,N,A,N,A,H,D,-,- ,N,18,H,,,,,A,N,N,D,1,0,0,0,,1,40.4888707,-122.39353895,3
2013,2013-05-23,1525,5,1,15,4,N,A,N,A,H,A,A,01,S,03,C,,,,,D,Y,N,D,3,0,0,0,22350.0,5,40.579486,-122.2388671,4
2013,2013-05-08,303,5,1,3,3,N,B,Y,A,H,D,G,25,S,08,F,,,,Y,A,Y,N,D,1,0,0,0,22107.0,1,40.8446456,-122.3306626,3
2013,2013-05-29,1930,5,1,19,3,N,A,N,A,H,A,D,22,N,08,E,,,,,I,Y,N,D,2,0,0,0,22107.0,1,40.5944616,-122.2867414,3
2013,2013-05-21,1420,5,1,14,2,N,A,Y,A,C,A,A,01,S,08,E,,,,,I,Y,N,D,1,0,0,0,22107.0,1,41.1694784,-122.2976728,4
2013,2013-04-17,2104,4,1,21,3,N,A,N,A,H,D,A,01,N,01,E,,,,,I,Y,N,D,1,0,0,0,23152.0,1,40.5823997,-122.307327,2
2013,2013-06-11,1405,6,2,14,2,N,A,Y,A,H,A,A,01,N,08,E,,,,,I,Y,N,D,2,0,0,0,22107.0,1,41.1340244,-122.3219348,4
2013,2013-04-23,1628,4,1,16,2,Y,A,Y,A,A,A,C,03,,03,H,,,Y,,A,N,N,D,1,0,0,1,22350.0,1,40.4543452,-122.3069935,3
2013,2013-04-25,927,4,1,9,4,Y,A,N,A,H,A,A,07,,03,C,,,,,C,N,N,A,1,0,0,0,22350.0,2,40.4504051,-122.3014835,4
2013,2013-05-29,740,5,1,7,3,Y,A,N,A,H,A,A,01,,03,C,,,,,C,Y,N,D,1,0,0,0,22350.0,3,40.5559751,-122.4394534,4
2013,2013-06-06,1515,6,2,15,4,Y,A,N,A,H,A,D,22,,03,C,,,,,C,Y,N,D,4,0,0,0,22350.0,3,40.3891951,-122.3215634,3
2013,2013-06-04,1450,6,2,14,2,N,A,N,A,H,A,A,01,W,03,C,,,,,C,Y,N,A,1,0,0,0,22350.0,2,40.3892909,-122.2888708,4
2013,2013-09-07,1835,9,3,18,6,N,A,Y,A,H,A,D,22,E,21,F,,,,,J,Y,N,D,1,0,0,0,22106.0,1,40.6674952,-122.7011236,3
2013,2013-06-03,2147,6,2,21,1,N,A,Y,A,H,D,L,04,S,05,D,,Y,,,G,Y,N,D,2,0,1,0,21202.0,2,40.4805167,-122.3455231,3
2013,2013-04-29,1626,4,1,16,1,Y,A,N,-,H,A,-,- ,,03,C,,,,,C,N,N,A,1,0,0,0,22350.0,2,40.4511851,-122.2921235,4
2013,2013-05-29,2001,5,1,20,3,Y,A,Y,A,H,A,L,04,,11,G,,Y,,,G,N,N,A,2,0,1,0,21456.0,2,40.4483213,-122.2981882,4
2013,2013-02-13,1930,2,4,19,3,N,A,N,A,H,C,-,- ,,05,E,,,,,I,Y,N,D,1,0,0,0,21650.0,1,40.44005024,-122.2995007,4
2013,2013-06-23,1500,6,2,15,7,N,B,N,B,H,A,D,22,N,08,E,,,,,J,Y,N,D,1,0,0,0,22107.0,1,40.6357356,-122.4046368,3
2013,2013-06-10,1250,6,2,12,1,N,A,N,A,H,A,D,22,S,08,E,,,,,I,Y,N,A,2,0,0,0,22107.0,1,40.4055886,-122.2295336,3
2013,2013-05-06,605,5,1,6,1,N,A,Y,A,H,A,-,- ,W,08,A,,,,,I,Y,N,A,1,0,0,0,22107.0,1,40.6802911,-122.3522612,4
2013,2013-06-06,1212,6,2,12,4,N,A,Y,A,H,A,C,02,W,08,F,,,Y,,I,Y,N,D,1,0,0,1,22107.0,1,40.6729913,-122.6730628,4
2013,2013-06-06,1250,6,2,12,4,N,A,N,A,H,A,A,01,S,08,E,,,,,I,Y,N,D,1,0,0,0,22107.0,1,40.6692877,-122.2423712,3
2013,2013-06-08,1756,6,2,17,6,N,A,Y,A,H,A,-,- ,E,05,A,,,,,C,Y,N,D,2,0,0,0,21460.0,2,40.6633528,-122.1872661,2
2013,2013-04-01,1325,4,1,13,1,N,B,Y,A,H,A,-,- ,E,09,H,,Y,,,G,N,N,A,1,0,1,0,21804.0,2,40.6804482,-122.36271,4
2013,2013-06-10,805,6,2,8,1,N,B,N,A,H,A,D,22,N,08,E,,,,,I,Y,N,D,1,0,0,0,22107.0,1,40.8607079,-121.913358,4
2013,2013-06-07,2350,6,2,23,5,N,A,N,A,H,D,D,22,W,01,E,,,,,I,Y,N,D,2,0,0,0,23152.0,1,40.4532311,-122.2769038,3
2013,2013-05-28,1745,5,1,17,2,N,B,N,A,H,A,A,01,S,08,E,,,,,I,Y,F,D,1,0,0,0,22107.0,1,40.48805201,-122.44434893,3
2013,2013-05-26,220,5,1,2,7,N,A,N,A,H,A,C,02,S,01,C,,,Y,,C,N,M,D,1,0,0,1,23152.0,2,40.5722866,-122.2386914,4
2013,2013-05-21,510,5,1,5,2,N,A,Y,A,H,B,D,22,S,01,B,,,,,D,Y,N,D,3,0,0,0,23152.0,2,40.4927767,-122.329408,3
2013,2013-06-18,2310,6,2,23,2,N,A,N,A,H,D,C,02,N,08,F,,,Y,,A,N,N,D,1,0,0,1,22107.0,1,40.7134027,-122.407074,3
2013,2013-06-14,1000,6,2,10,5,Y,A,N,A,B,A,-,- ,,18,F,,,Y,,A,N,N,D,1,0,0,1,,1,40.4802851,-122.2932335,3
2013,2013-06-11,1645,6,2,16,2,N,A,N,A,H,A,A,01,N,08,E,,,,,I,Y,N,D,3,0,0,0,22107.0,1,40.5546464,-121.7272401,3
2013,2013-06-07,1225,6,2,12,5,N,A,N,A,H,A,-,- ,N,18,F,,Y,,,A,N,N,D,1,0,1,0,,1,40.3994297,-122.2840335,2
2013,2013-06-08,155,6,2,1,6,N,A,N,A,H,D,A,07,S,01,E,,,,,I,Y,N,D,1,0,0,0,23152.0,1,40.6997485,-122.3215998,2
2013,2013-06-04,400,6,2,4,2,N,A,N,A,H,D,A,07,S,01,E,,,,,I,Y,N,D,1,0,0,0,23152.0,1,40.4861058,-122.293314,3
2013,2013-06-07,1830,6,2,18,5,N,A,Y,A,H,A,A,01,N,05,E,,,,,I,Y,N,D,1,0,0,0,21650.0,1,41.0161025,-121.6388302,2
2013,2013-06-25,620,6,2,6,2,N,C,Y,B,H,B,A,08,S,08,E,,,,,I,Y,N,D,2,0,0,0,22107.0,1,40.5663298,-122.3600676,3
2013,2013-06-11,618,6,2,6,2,N,A,Y,A,H,B,A,01,E,08,E,,,,,I,Y,N,D,1,0,0,0,22107.0,1,40.5051584,-121.9626803,2
2013,2013-06-18,1915,6,2,19,2,N,B,Y,A,H,A,A,01,W,08,D,,,,,C,Y,N,D,2,0,0,0,22107.0,2,40.5149819,-122.042965,3
2013,2013-06-24,5,6,2,0,1,N,B,Y,B,H,D,A,01,S,08,E,,,,,I,Y,N,D,1,0,0,0,22107.0,2,40.8779487,-122.3746044,3
2013,2013-07-05,1945,7,2,19,5,N,A,N,A,H,A,D,22,S,01,E,,,,,I,Y,M,D,1,0,0,0,23152.0,1,40.5343112,-122.334296,3
2013,2013-06-14,1840,6,2,18,5,Y,A,Y,A,H,A,C,02,,01,B,,,Y,,C,Y,N,D,1,0,0,1,23152.0,2,40.6648104,-122.6358723,3
2013,2013-06-09,1430,6,2,14,7,N,A,Y,A,H,A,A,01,N,01,E,,,,,I,Y,N,D,1,0,0,0,23152.0,1,40.4391996,-122.2876369,4
2013,2013-06-24,1035,6,2,10,1,N,B,N,A,H,A,A,07,N,08,A,,,,,C,Y,N,D,3,0,0,0,22107.0,2,40.57814959,-122.18271554,3
2013,2013-06-25,2300,6,2,23,2,N,C,N,B,H,D,A,01,W,08,E,,,,,I,Y,N,D,1,0,0,0,22107.0,1,40.49850856,-122.46046901,3
2013,2013-06-23,338,6,2,3,7,N,A,N,A,H,D,A,07,S,05,F,,,,,A,Y,N,D,1,0,0,0,21650.0,1,40.5001517,-122.3241246,4
2013,2013-06-15,40,6,2,0,6,N,A,Y,A,H,D,A,07,N,01,E,,,,,I,Y,N,D,1,0,0,0,23152.0,1,41.0731723,-122.3571056,3
2013,2013-05-31,335,5,1,3,5,N,A,Y,A,H,D,A,01,E,01,E,,,,,I,Y,N,D,1,0,0,0,23152.0,1,40.6610141,-122.1922913,4
2013,2013-05-14,530,5,1,5,2,N,A,N,-,H,B,A,01,S,01,E,,,,,I,Y,M,D,1,0,0,0,23152.0,1,40.4331387,-122.2350952,4
2013,2013-06-16,1050,6,2,10,7,Y,A,N,A,B,A,C,02,,03,F,,,Y,,A,N,N,A,1,0,0,1,22350.0,1,40.4813251,-122.0829635,2
2013,2013-06-01,930,6,2,9,6,N,A,Y,A,H,A,A,07,N,08,E,,,,,I,Y,N,D,1,0,0,0,22107.0,1,40.8544935,-121.5366735,4
2013,2013-07-05,1025,7,2,10,5,N,A,Y,A,H,A,N,60,E,11,G,Y,,,,B,N,N,D,1,1,0,0,21954.0,2,40.9034394,-121.6403731,3
2013,2013-06-30,1355,6,2,13,7,Y,A,N,A,H,A,-,- ,,18,H,,,,,A,N,N,D,1,0,0,0,,1,40.8866352,-121.6606634,3
2013,2013-07-01,1120,7,2,11,1,N,A,N,A,H,A,-,- ,W,18,E,,,,Y,J,Y,N,D,1,0,0,0,,2,40.48512532,-122.15435386,4
2013,2013-07-09,1855,7,2,18,2,N,A,N,A,H,A,D,23,N,09,A,,,,,C,Y,N,D,1,0,0,0,21801.0,2,40.3978386,-122.2807526,3
2013,2013-07-13,1012,7,2,10,6,N,A,N,A,H,A,D,22,S,09,D,,,,,C,Y,N,D,1,0,0,0,21804.0,2,40.5948636,-122.2359369,4
2013,2013-07-09,1630,7,2,16,2,N,A,N,A,H,A,B,08,E,16,A,,,,,C,N,N,D,1,0,0,0,24002.0,2,40.493459,-122.4993743,3
2013,2013-06-28,1505,6,2,15,5,N,A,Y,A,H,A,A,01,W,03,C,,,,,C,N,N,D,1,0,0,0,22350.0,2,40.7858714,-121.9552855,4
2013,2013-06-29,1535,6,2,15,6,N,A,N,A,H,A,A,07,S,08,F,,,,,A,Y,N,D,1,0,0,0,22107.0,1,40.45128,-122.5323236,3
2013,2013-06-22,1340,6,2,13,6,N,A,Y,A,H,A,C,02,W,03,C,,,Y,,C,N,N,D,4,0,0,4,22350.0,4,40.6778304,-121.4269878,3
2013,2013-07-08,1359,7,2,13,1,Y,A,Y,A,H,A,A,01,,09,D,,,,,C,Y,N,D,1,0,0,0,21801.0,2,40.5534252,-122.2197835,3
2013,2013-07-08,1200,7,2,12,1,N,A,Y,A,H,A,A,01,N,08,F,,,,,A,Y,N,D,1,0,0,0,22107.0,1,40.4754725,-122.3143328,3
2013,2013-07-08,1040,7,2,10,1,N,A,Y,A,H,A,A,01,W,08,E,,,,,I,Y,N,D,1,0,0,0,22107.0,1,40.9954738,-121.4628221,3
2013,2013-07-06,521,7,2,5,6,N,A,N,A,H,D,A,07,N,08,E,,,,,I,Y,N,D,1,0,0,0,22107.0,1,40.5473362,-122.1757234,4
2013,2013-07-10,2320,7,2,23,3,N,A,Y,A,H,D,C,02,W,01,E,,,Y,,I,Y,N,D,1,0,0,1,23152.0,1,40.6739421,-122.6693972,3
2013,2013-07-01,1410,7,2,14,1,N,A,N,A,H,A,A,01,S,01,E,,,,,I,Y,N,D,2,0,0,0,23152.0,1,40.49149532,-122.31908351,3
2013,2013-06-28,200,6,2,2,5,N,A,Y,A,H,D,A,01,W,03,D,,,,,C,Y,N,D,1,0,0,0,22350.0,2,40.6206829,-122.318625,4
2013,2013-07-18,120,7,2,1,4,N,A,Y,A,D,D,A,08,N,08,E,,,,,I,Y,N,D,2,0,0,0,22107.0,1,41.1630619,-122.2974614,4
2013,2013-04-28,2230,4,1,22,7,N,A,Y,A,H,C,L,04,E,01,E,,Y,,,I,N,N,D,1,0,1,0,21200.0,1,40.8856009,-121.656983,3
2013,2013-04-09,2300,4,1,23,2,N,A,Y,A,H,D,A,07,E,08,E,,,,,I,Y,N,D,2,0,0,0,22107.0,1,40.8652585,-121.8330064,3
2013,2013-07-06,1414,7,2,14,6,N,A,N,A,H,A,D,22,S,08,E,,,,,I,Y,N,D,1,0,0,0,22107.0,1,40.6711013,-122.3151664,4
2013,2013-07-09,936,7,2,9,2,N,A,Y,A,H,A,D,22,N,03,C,,,,,C,N,N,A,1,0,0,0,22350.0,2,40.4663131,-122.3247904,4
2013,2013-07-17,335,7,2,3,3,N,A,Y,A,H,D,D,22,E,01,E,,,,,I,Y,N,D,1,0,0,0,23152.0,1,40.5097752,-122.0131535,4
2013,2013-07-18,1130,7,2,11,4,N,A,Y,A,H,A,D,22,E,03,C,,,,,C,N,N,A,2,0,0,0,22350.0,2,40.6151031,-122.5194683,4
2013,2013-07-03,1242,7,2,12,3,N,A,Y,A,H,A,A,01,W,08,F,,,,,I,Y,N,D,1,0,0,0,22107.0,1,40.5847652,-122.3512935,3
2013,2013-07-21,1500,7,2,15,7,N,A,Y,A,H,A,C,02,E,08,E,,,Y,,I,Y,N,D,1,0,0,1,22107.0,1,40.6464575,-122.7194149,2
2013,2013-07-23,1725,7,2,17,2,N,A,N,A,H,A,C,02,E,08,F,,,Y,,A,N,N,D,1,0,0,1,22107.0,1,40.4726421,-122.4073985,3
2013,2013-07-26,1145,7,2,11,5,N,A,Y,A,H,A,C,02,E,03,C,,,Y,,C,Y,N,D,2,0,0,1,22350.0,2,40.5770147,-122.3329844,2
2013,2013-07-27,1610,7,2,16,6,N,A,N,A,H,A,A,01,N,09,D,,,,,C,Y,M,D,2,0,0,0,21804.0,2,40.5921919,-122.3090445,3
2013,2013-07-16,1335,7,2,13,2,N,A,Y,A,H,A,D,22,N,17,B,,,,,C,Y,N,A,1,0,0,0,23114.0,3,40.617131,-122.3649906,3
2013,2013-07-21,2008,7,2,20,7,N,A,N,A,H,A,D,22,N,01,E,,,,,I,Y,N,D,1,0,0,0,23152.0,1,40.72593076,-122.23705888,3
2013,2013-08-09,1215,8,2,12,5,N,A,Y,A,H,A,A,01,N,08,E,,,,,I,Y,N,D,1,0,0,0,22107.0,1,41.0630197,-122.3691715,4
2013,2013-06-16,30,6,2,0,7,N,A,N,A,H,D,D,22,E,01,E,,,,,I,Y,N,D,1,0,0,0,23152.0,1,40.5924112,-122.2487292,3
2013,2013-08-04,1240,8,2,12,7,N,A,N,A,H,A,D,22,N,01,F,,,,,I,Y,N,D,2,0,0,0,23152.0,1,40.7198105,-122.3300533,3
2013,2013-07-25,1757,7,2,17,4,Y,A,N,A,H,A,A,07,,03,C,,,,,C,Y,N,A,1,0,0,0,22350.0,2,40.4525751,-122.2904735,4
2013,2013-07-16,1120,7,2,11,2,Y,A,N,A,H,A,N,60,,03,G,Y,,,,B,N,F,D,1,1,0,0,22350.0,2,40.4477451,-122.3006135,4
2013,2013-08-07,1620,8,2,16,3,Y,A,N,A,H,A,D,23,,09,A,,,,,C,Y,N,A,1,0,0,0,21801.0,3,40.5254151,-121.7440034,3
2013,2013-08-02,2040,8,2,20,5,N,A,N,A,H,A,A,07,W,08,E,,,,,I,Y,N,D,1,0,0,0,22107.0,1,40.6892713,-122.2788397,4
2013,2013-08-05,815,8,2,8,1,N,A,N,A,H,A,A,07,W,08,E,,,,,I,Y,N,D,1,0,0,0,22107.0,1,40.7096211,-122.2547325,3
2013,2013-07-30,1620,7,2,16,2,N,A,N,A,H,A,A,01,E,08,E,,,,,I,Y,N,D,1,0,0,0,22107.0,1,40.6228855,-121.9911238,3
2013,2013-08-19,1230,8,2,12,1,N,A,Y,A,H,A,D,22,N,03,C,,,,,C,N,N,D,1,0,0,0,22350.0,2,40.6894688,-122.3455127,4
2013,2013-08-12,1540,8,2,15,1,N,A,Y,A,H,A,-,- ,S,00,F,,Y,,,A,N,N,D,1,0,1,0,,1,40.8892338,-121.6525994,3
2013,2013-08-14,2205,8,2,22,3,N,A,N,A,H,D,-,- ,E,08,E,,,,,I,Y,N,D,1,0,0,0,22107.0,1,40.6289173,-121.914709,3
2013,2013-08-06,1629,8,2,16,2,N,A,N,A,H,A,A,01,E,03,E,,,,,I,Y,N,D,2,0,0,0,22350.0,1,40.3965897,-122.2664093,2
2013,2013-08-05,1400,8,2,14,1,N,A,Y,A,H,A,A,01,N,08,E,,,,,I,Y,N,D,1,0,0,0,22107.0,1,41.0508523,-121.4280543,3
2013,2013-08-06,245,8,2,2,2,N,A,N,A,H,D,A,01,W,01,E,,,,,I,Y,M,A,2,0,0,0,23152.0,1,40.7132468,-122.4068757,3
2013,2013-08-17,608,8,2,6,6,N,A,Y,A,H,A,A,07,S,08,E,,,,,I,Y,N,D,1,0,0,0,22107.0,1,40.7398617,-122.3145237,4
2013,2013-08-16,1340,8,2,13,5,N,A,Y,A,H,A,A,01,S,03,C,,,,,C,Y,N,D,1,0,0,0,22350.0,3,40.5667752,-122.3598035,4
2013,2013-08-12,1913,8,2,19,1,N,A,Y,A,D,A,A,07,E,01,C,,,,,C,Y,N,A,2,0,0,0,23152.0,3,40.5582925,-122.2898674,3
2013,2013-08-01,1245,8,2,12,4,N,A,Y,A,H,A,A,01,E,08,E,,,,,I,Y,N,D,1,0,0,0,22107.0,1,40.6762593,-121.4040202,4
2013,2013-08-08,1040,8,2,10,4,N,A,N,A,H,A,A,01,W,08,E,,,,,I,N,N,D,1,0,0,0,22107.0,1,40.48867486,-122.39467442,3
2013,2013-08-08,915,8,2,9,4,N,A,Y,A,H,A,L,04,S,03,H,,Y,,,G,N,N,D,1,0,1,0,22350.0,1,40.740124,-122.3143663,3
2013,2013-08-25,1847,8,2,18,7,Y,B,N,A,H,A,A,08,,12,D,,,,,C,Y,N,A,1,0,0,0,21453.0,2,40.4802851,-122.2932335,4
2013,2013-08-23,810,8,2,8,5,N,A,N,A,H,A,-,- ,W,18,E,,,Y,,H,Y,N,D,2,0,0,2,,1,40.3894442,-122.3446247,3
2013,2013-08-19,1222,8,2,12,1,N,A,Y,A,H,A,A,07,N,08,F,,,,,I,Y,N,D,1,0,0,0,22107.0,1,40.6887591,-122.345709,3
2013,2013-08-16,1850,8,2,18,5,N,A,Y,A,H,B,A,07,W,03,F,,,,,A,Y,N,D,1,0,0,0,22350.0,1,40.5039483,-121.9314465,3
2013,2013-08-23,1214,8,2,12,5,N,A,Y,A,H,A,A,01,W,08,E,,,,,J,Y,N,D,1,0,0,0,22107.0,1,40.7309197,-122.0763097,4
2013,2013-08-28,715,8,2,7,3,N,A,N,A,H,A,D,22,E,04,C,,,,,C,N,N,D,1,0,0,0,21703.0,2,40.3886958,-122.3878653,4
2013,2013-08-13,1550,8,2,15,2,N,A,N,A,H,A,C,02,S,12,A,,,Y,,C,N,N,A,1,0,0,1,22450.0,2,40.4674617,-122.4355987,2
2013,2013-08-22,830,8,2,8,4,N,A,Y,A,H,A,A,01,E,05,A,,,,Y,C,Y,N,D,3,0,0,0,21460.0,3,40.6963636,-122.1037123,3
2013,2013-08-28,1650,8,2,16,3,N,A,Y,A,H,A,C,02,W,07,B,,,Y,,C,Y,N,D,1,0,0,1,21658.0,2,40.5853943,-122.3616281,3
2013,2013-08-19,1150,8,2,11,1,Y,A,N,A,H,A,A,01,,09,D,,,Y,,C,N,N,D,1,0,0,1,21801.0,2,40.6894752,-122.2786935,3
2013,2013-08-23,2120,8,2,21,5,N,A,Y,A,H,C,A,01,N,01,E,,,,,I,Y,N,D,2,0,0,0,23152.0,1,40.3800468,-122.2849195,3
2013,2013-08-27,535,8,2,5,2,N,A,N,A,H,B,A,01,S,08,F,,,,,A,Y,N,D,1,0,0,0,22107.0,1,41.02872,-121.48149,4
2013,2013-08-30,440,8,2,4,5,N,A,Y,A,H,D,A,07,N,08,F,,,,,A,Y,N,D,6,0,0,0,22107.0,1,40.4718701,-122.311225,2
2013,2013-08-26,1223,8,2,12,1,N,A,Y,A,H,A,C,02,S,03,F,,,Y,,A,Y,N,D,1,0,0,1,22350.0,1,40.8053663,-121.5136234,3
2013,2013-08-25,2058,8,2,20,7,N,A,N,A,H,D,A,01,N,01,F,,,,,I,Y,N,D,1,0,0,0,23152.0,1,40.4505231,-122.266549,3
2013,2013-08-23,955,8,2,9,5,Y,B,N,A,H,A,A,01,,03,D,,,,,C,Y,N,A,1,0,0,0,22350.0,2,40.4656051,-122.2957334,3
2013,2013-08-24,2500,8,2,25,6,Y,A,Y,A,H,A,-,- ,,00,D,,,,,C,Y,N,A,1,0,0,0,,2,40.4345095,-122.2883561,3
2013,2013-06-06,1350,6,2,13,4,Y,A,Y,A,H,A,-,- ,,05,D,,,,,C,Y,N,A,1,0,0,0,21650.0,2,40.4646941,-122.3221194,4
2013,2013-08-31,1507,8,2,15,6,N,A,N,A,H,A,A,01,S,03,E,,,,,I,Y,N,D,3,0,0,0,22350.0,1,40.44222428,-122.29834467,4
2013,2013-09-04,1730,9,3,17,3,N,A,N,A,H,A,A,01,W,09,A,,,,,C,Y,N,D,1,0,0,0,21801.0,2,40.56376,-122.2434248,4
2013,2013-09-02,1001,9,3,10,1,N,A,N,A,H,A,A,01,E,03,E,,,,,I,Y,N,A,1,0,0,0,22350.0,1,40.4407938,-122.3419618,3
2013,2013-09-09,1530,9,3,15,1,N,A,N,A,H,A,A,01,N,03,C,,,,,C,N,N,D,1,0,0,0,22350.0,2,40.5646187,-122.2386491,4
2013,2013-09-12,728,9,3,7,4,N,A,N,A,H,A,A,01,S,08,E,,,,,I,Y,N,D,1,0,0,0,22107.0,1,40.4839691,-122.3166954,4
2013,2013-09-16,1644,9,3,16,1,N,A,Y,A,H,A,A,07,N,08,E,,,,,I,Y,N,D,1,0,0,0,22107.0,1,40.4102952,-122.2805935,4
2013,2013-08-30,1310,8,2,13,5,N,A,Y,A,H,A,-,- ,N,18,H,,,Y,,A,N,N,D,1,0,0,1,,1,41.0323474,-122.3975836,3