ACCIDENT_YEAR,COLLISION_DATE,COLLISION_TIME,MONTH,SEASON,24HOURS,DAY_OF_WEEK,INTERSECTION,WEATHER_1,STATE_HWY_IND,ROAD_SURFACE,ROAD_COND_1,LIGHTING,STWD_VEHTYPE_AT_FAULT,CHP_VEHTYPE_AT_FAULT,DIRECTION,PCF_VIOL_CATEGORY,TYPE_OF_COLLISION,PEDESTRIAN_ACCIDENT,BICYCLE_ACCIDENT,MOTORCYCLE_ACCIDENT,TRUCK_ACCIDENT,MVIW,TOW_AWAY,HIT_AND_RUN,CONTROL_DEVICE,NUMBER_INJURED,COUNT_PED_INJURED,COUNT_BICYCLIST_INJURED,COUNT_MC_INJURED,PCF_VIOLATION,PARTY_COUNT,POINT_Y,POINT_X,COLLISION_SEVERITY
2013,2013-05-24,934,5,1,9,5,Y,A,N,A,H,A,-,- ,,18,F,,Y,,,I,N,N,A,1,0,1,0,,1,40.5712252,-122.3696635,3
2013,2013-06-06,1100,6,2,11,4,N,A,Y,A,H,A,-,- ,E,18,B,,Y,,,G,N,N,D,1,0,1,0,,2,40.5857369,-122.4128137,4
2013,2013-07-08,1446,7,2,14,1,N,A,N,A,H,A,L,04,E,09,D,,Y,,,C,N,N,A,1,0,1,0,21804.0,2,40.6096347,-122.3785514,4
2013,2013-05-09,1608,5,1,16,4,Y,A,N,A,H,A,L,04,,09,D,,Y,,,G,N,N,A,1,0,1,0,21804.0,2,40.5637751,-122.3561735,3
2013,2013-05-24,1301,5,1,13,5,N,A,N,A,H,A,A,01,N,09,D,,,,,C,Y,N,A,1,0,0,0,21804.0,2,40.5857151,-122.3473136,4
2013,2013-06-05,1233,6,2,12,3,N,A,N,A,H,A,-,- ,W,18,-,,,,,J,N,N,D,1,0,0,0,,1,40.5819929,-122.3829173,3
2013,2013-07-11,1135,7,2,11,4,N,A,N,A,H,A,D,22,E,03,C,,,,,C,N,N,A,1,0,0,0,22350.0,2,40.5864465,-122.3576514,4
2013,2013-05-07,1252,5,1,12,2,Y,B,N,A,H,A,A,01,,09,D,,,,,C,Y,N,D,2,0,0,0,21804.0,2,40.5911451,-122.3583636,4
2013,2013-05-22,2306,5,1,23,3,N,B,Y,A,H,C,C,02,S,01,E,,,Y,,I,Y,N,D,1,0,0,1,23152.0,1,,,3
2013,2013-06-03,2155,6,2,21,1,Y,A,Y,A,H,C,-,- ,,12,D,,,,,C,Y,N,A,3,0,0,0,21453.0,2,40.6094352,-122.3767035,4
2013,2013-07-30,1028,7,2,10,2,N,A,N,A,H,A,A,07,W,09,D,,,,,C,Y,N,D,1,0,0,0,21804.0,2,40.5709852,-122.3483697,3
2013,2013-05-24,742,5,1,7,5,N,A,N,A,H,A,A,07,S,03,C,,,,,C,N,N,A,1,0,0,0,22350.0,2,40.5851551,-122.3965735,4
2013,2013-06-30,2015,6,2,20,7,N,A,Y,A,H,B,-,- ,W,18,C,,,,,C,N,N,A,3,0,0,0,,2,40.5341452,-122.3499135,4
2013,2013-07-26,1615,7,2,16,5,Y,A,N,A,H,A,D,22,,09,A,,,,,C,Y,N,A,1,0,0,0,21801.0,2,40.6256451,-122.4050435,4
2013,2013-05-10,1057,5,1,10,5,N,A,N,A,H,A,D,22,W,03,C,,,,,C,N,N,A,1,0,0,0,22350.0,2,40.6099955,-122.3794865,4
2013,2013-05-09,803,5,1,8,4,-,A,N,A,H,A,-,- ,,03,C,,,,,C,N,N,A,1,0,0,0,22350.0,2,40.5870052,-122.3891235,4
2013,2013-06-01,1521,6,2,15,6,Y,A,N,A,H,A,D,22,,01,A,,,,,C,Y,N,D,1,0,0,0,23152.0,2,40.5699352,-122.3907136,3
2013,2013-07-29,1017,7,2,10,1,N,A,N,A,H,A,A,01,N,01,E,,,,,I,Y,N,D,1,0,0,0,23152.0,1,40.5903167,-122.3583253,4
2013,2013-05-10,1116,5,1,11,5,Y,A,N,A,H,A,D,22,,- ,G,Y,,,,B,N,F,A,1,1,0,0,,2,40.5637851,-122.3531335,4
2013,2013-05-09,1808,5,1,18,4,N,A,N,A,H,A,A,01,N,09,D,,,,,C,N,N,D,1,0,0,0,21801.0,2,40.5770993,-122.3710169,4
2013,2013-06-01,1819,6,2,18,6,Y,A,N,A,H,A,A,01,,12,D,,,,,D,Y,N,A,3,0,0,0,21453.0,2,40.5927951,-122.3514834,2
2013,2013-07-17,1600,7,2,16,3,Y,A,N,A,H,A,A,01,,11,G,Y,,,,B,N,N,A,1,1,0,0,21461.0,2,40.5886351,-122.3927535,4
2013,2013-05-17,1052,5,1,10,5,Y,A,N,A,H,A,D,22,,09,A,,,,,C,Y,N,A,3,0,0,0,21801.0,2,40.5513051,-122.3027834,2
2013,2013-05-06,926,5,1,9,1,N,B,N,A,H,A,A,01,N,03,C,,,,,C,N,N,D,1,0,0,0,22350.0,2,40.5448511,-122.3363836,4
2013,2013-06-30,1250,6,2,12,7,N,A,N,A,H,A,A,01,S,05,E,,,,,I,Y,N,D,1,0,0,0,21650.0,1,40.5635655,-122.3531322,4
2013,2013-07-17,803,7,2,8,3,N,A,Y,A,H,A,A,01,W,03,C,,,,,C,N,N,A,1,0,0,0,22350.0,2,40.5545892,-122.3881605,4
2013,2013-05-14,1713,5,1,17,2,N,A,N,A,H,A,A,01,W,09,D,,,Y,,C,Y,F,D,1,0,0,0,21804.0,2,40.5637843,-122.3544956,4
2013,2013-05-04,253,5,1,2,6,N,A,N,A,H,C,A,01,N,01,C,,,,,C,Y,F,D,1,0,0,0,23152.0,2,40.560926,-122.3974706,3
2013,2013-06-28,2350,6,2,23,5,N,A,N,A,H,D,C,02,S,01,E,,,Y,,I,Y,N,A,1,0,0,1,23152.0,1,40.6658905,-122.3251878,3
2013,2013-07-16,1231,7,2,12,2,N,A,N,A,H,A,A,01,S,03,C,,,,,C,Y,N,D,2,0,0,0,22350.0,2,40.6351731,-122.4047923,4
2013,2013-05-13,1440,5,1,14,1,Y,A,Y,A,H,A,A,01,,09,D,,,,,C,Y,N,A,1,0,0,0,21804.0,2,40.5854814,-122.4170169,3
2013,2013-05-06,1357,5,1,13,1,Y,B,N,A,H,A,A,01,,17,A,,,,,C,N,N,A,1,0,0,0,21451.0,2,40.5796051,-122.3942235,4
2013,2013-06-29,1122,6,2,11,6,Y,A,N,A,H,A,-,- ,,12,B,,,,,C,N,N,A,1,0,0,0,21453.0,2,40.6008851,-122.3731535,4
2013,2013-07-16,707,7,2,7,2,N,A,N,A,H,A,A,01,W,12,D,,,,,C,N,N,A,1,0,0,0,21453.0,2,40.5710752,-122.3593598,4
2013,2013-05-13,1719,5,1,17,1,Y,A,N,A,H,A,A,01,,08,D,,,Y,,C,Y,N,A,1,0,0,1,22107.0,2,40.5720451,-122.3581135,4
2013,2013-05-06,1555,5,1,15,1,N,B,N,B,H,A,A,01,S,03,A,,,,,I,Y,N,D,1,0,0,0,22350.0,1,40.5509027,-122.3364567,4
2013,2013-06-19,1648,6,2,16,3,N,A,N,A,H,A,A,01,S,03,-,,,,,C,Y,N,A,1,0,0,0,22350.0,2,40.5719903,-122.3581158,3
2013,2013-07-14,2032,7,2,20,7,N,A,Y,A,H,C,A,01,W,05,E,,,Y,,I,Y,N,D,1,0,0,0,21650.0,2,40.586459,-122.4052713,4
2013,2013-05-13,130,5,1,1,1,N,A,N,A,H,C,L,04,W,08,E,,Y,,,I,N,N,D,1,0,1,0,22107.0,1,40.5391274,-122.3565462,3
2013,2013-05-03,1309,5,1,13,5,N,A,Y,A,G,A,A,07,N,03,C,,,,,A,N,N,A,1,0,0,0,22350.0,3,40.5867236,-122.3919011,4
2013,2013-06-23,1521,6,2,15,7,N,B,N,A,H,A,A,07,S,09,D,,,,,C,N,N,D,1,0,0,0,21804.0,2,40.5781394,-122.3579596,4
2013,2013-07-15,943,7,2,9,1,Y,A,Y,A,H,A,A,01,,12,D,,,,,C,Y,N,A,3,0,0,0,21453.0,2,40.5816952,-122.3883235,3
2013,2013-05-13,1211,5,1,12,1,N,A,N,A,H,A,-,- ,S,00,E,,,,,I,Y,N,D,2,0,0,0,,1,40.5577751,-122.3380594,3
2013,2013-05-17,804,5,1,8,5,N,A,Y,A,H,A,A,01,N,03,C,,,,,C,Y,N,A,1,0,0,0,22350.0,2,40.5614325,-122.3003573,4
2013,2013-06-17,1751,6,2,17,1,N,A,N,A,H,A,A,07,W,03,C,,,,,C,N,N,D,1,0,0,0,22350.0,2,40.5637052,-122.3335036,4
2013,2013-05-22,1937,5,1,19,3,N,A,N,A,H,A,L,04,N,09,D,,Y,,,G,N,N,D,1,0,1,0,21804.0,2,40.5642076,-122.3406014,2
2013,2013-05-02,1559,5,1,15,4,Y,A,N,A,H,A,A,01,,08,D,,,Y,,C,N,N,D,1,0,0,1,22107.0,2,40.5637551,-122.3607535,4
2013,2013-06-18,1237,6,2,12,2,Y,A,Y,A,H,A,A,07,,09,D,,,,,C,Y,N,A,1,0,0,0,21802.0,2,40.5698709,-122.3879696,4
2013,2013-04-23,1707,4,1,17,2,Y,A,N,A,H,A,-,- ,,08,B,,,,,C,Y,N,A,1,0,0,0,22107.0,2,40.5347151,-122.3355535,4
2013,2013-07-03,1644,7,2,16,3,N,A,N,A,H,A,A,01,N,01,B,Y,,,,B,Y,N,D,1,1,0,0,23152.0,3,40.5548739,-122.3897939,4
2013,2013-07-11,1146,7,2,11,4,Y,A,Y,A,H,A,L,04,,05,D,,Y,,,G,N,N,A,1,0,1,0,21650.0,2,40.5858076,-122.4130767,4
2013,2013-07-14,1347,7,2,13,7,Y,A,Y,A,H,A,A,01,,12,D,,,,,C,Y,N,A,1,0,0,0,21453.0,2,40.5753952,-122.3602635,3
2013,2013-07-12,1708,7,2,17,5,N,A,N,A,H,A,C,03,N,03,-,,,Y,,-,N,N,D,1,0,0,1,22350.0,1,40.5849113,-122.4008938,3
2013,2013-07-01,1908,7,2,19,1,Y,A,N,A,H,A,L,04,,22,H,,Y,,,A,N,N,A,1,0,1,0,,1,40.5636951,-122.3395036,3
2013,2013-07-01,1215,7,2,12,1,N,A,N,A,H,A,A,01,W,21,D,,,,,C,N,N,A,1,0,0,0,22106.0,2,40.5734656,-122.353218,4
2013,2013-07-13,1612,7,2,16,6,Y,A,N,A,H,A,A,07,,09,D,,,,,C,Y,N,D,1,0,0,0,21801.0,3,40.579015,-122.4034835,4
2013,2013-07-01,1007,7,2,10,1,N,A,N,A,H,A,A,01,S,08,D,,,,,C,Y,N,D,1,0,0,0,22107.0,2,40.6214498,-122.3698599,4
2013,2013-07-18,2126,7,2,21,4,Y,A,N,A,H,C,A,01,,12,A,,,,,C,Y,N,A,1,0,0,0,21453.0,2,40.5850251,-122.3925936,4
2013,2013-07-25,2347,7,2,23,4,N,A,N,A,H,D,A,01,S,05,E,,,,,I,N,N,D,1,0,0,0,21650.0,1,40.4877154,-122.2933452,3
2013,2013-07-27,713,7,2,7,6,N,A,N,A,H,A,A,01,E,09,D,,Y,,,G,N,N,D,1,0,1,0,21801.0,2,40.6132927,-122.3486204,3
2013,2013-07-18,1744,7,2,17,4,Y,A,N,A,H,A,A,01,,08,D,,,Y,,C,Y,N,A,1,0,0,1,22107.0,2,40.6163252,-122.3922335,3
2013,2013-07-18,1223,7,2,12,4,Y,A,N,A,H,A,A,01,,- ,E,,,,,I,Y,N,D,1,0,0,0,,1,40.5840051,-122.3878435,3
2013,2013-07-18,1658,7,2,16,4,Y,A,N,A,H,A,A,01,,09,A,,,,,C,Y,N,A,1,0,0,0,21801.0,2,40.5826951,-122.3887335,4
2013,2013-07-18,1706,7,2,17,4,N,A,Y,A,H,A,A,01,N,03,C,,,,,C,Y,N,A,1,0,0,0,22350.0,2,40.5888508,-122.3928439,4
2013,2013-07-18,1350,7,2,13,4,Y,A,N,A,H,A,L,04,,05,D,,Y,,,G,N,N,A,1,0,1,0,21650.0,2,,,4
2013,2013-01-09,1417,1,4,14,3,Y,C,N,B,H,A,A,01,,09,D,,,,,C,Y,N,D,2,0,0,0,21802.0,2,40.5877651,-122.3468435,4
2013,2013-07-24,1710,7,2,17,3,N,A,N,A,H,A,D,22,E,03,C,,,,,C,N,N,D,1,0,0,0,22350.0,3,40.5820716,-122.3912786,4
2013,2013-01-14,1300,1,4,13,1,Y,A,N,A,H,A,-,- ,,00,G,Y,,,,B,N,N,A,1,1,0,0,,2,40.5830151,-122.3874135,4
2013,2013-04-03,1631,4,1,16,3,N,A,N,A,H,A,A,01,N,03,C,,,,,C,N,N,D,2,0,0,0,22350.0,2,40.5651431,-122.3394265,3
2013,2013-04-26,1646,4,1,16,5,N,A,N,A,H,A,D,22,W,03,C,,,,,C,N,N,A,1,0,0,0,22350.0,2,40.5637752,-122.3562096,4
2013,2013-07-30,1455,7,2,14,2,N,A,N,A,H,A,A,08,N,09,D,,,,,C,N,N,D,2,0,0,0,21804.0,2,40.5745293,-122.3553945,4
2014,2014-12-18,820,12,4,8,4,N,B,N,B,H,A,A,01,E,03,E,,,,,I,Y,N,D,1,0,0,0,22350.0,1,40.44053167,-122.34140743,3
2014,2014-12-13,1924,12,4,19,6,N,A,Y,A,H,D,A,01,E,05,A,,,,,C,Y,N,D,3,0,0,0,21460.0,2,40.64737114,-122.71451439,2
2014,2014-12-14,2023,12,4,20,7,N,B,Y,B,H,D,N,60,N,11,G,Y,,,,B,N,N,D,1,1,0,0,21956.0,2,40.48431894,-122.35108522,3
2013,2013-08-10,1904,8,2,19,6,Y,B,N,A,H,A,D,22,,09,D,,,,,C,Y,N,A,1,0,0,0,21800.0,2,40.6420751,-122.3671235,4
2013,2013-10-19,1144,10,3,11,6,N,A,N,A,H,A,L,04,W,05,D,,Y,,,G,Y,N,A,1,0,1,0,21650.0,2,40.5889075,-122.4055184,4
2013,2013-08-02,2114,8,2,21,5,N,A,Y,A,H,D,N,60,S,11,G,Y,,,,B,Y,N,A,1,1,0,0,21954.0,2,40.5129792,-122.3808203,2
2013,2013-10-28,1355,10,3,13,1,Y,B,N,A,H,A,D,22,,09,D,,,,,C,Y,N,D,1,0,0,0,21801.0,2,40.5637051,-122.3371535,4
2013,2013-10-14,625,10,3,6,1,N,A,Y,A,H,A,D,22,,03,C,,,,,C,N,N,A,1,0,0,0,22350.0,2,40.5506752,-122.3872935,4
2013,2013-09-19,1834,9,3,18,4,N,A,N,A,H,A,A,01,E,03,C,,,,,C,N,N,A,1,0,0,0,22350.0,2,40.5876948,-122.3467377,4
2013,2013-10-18,2004,10,3,20,5,Y,A,Y,A,H,C,D,22,,12,D,,,,,C,Y,N,A,1,0,0,0,21453.0,2,40.5856752,-122.3900035,4
2013,2013-08-20,2247,8,2,22,2,Y,A,N,A,H,D,A,01,,01,E,,,,Y,I,Y,N,D,2,0,0,0,23152.0,2,40.4887851,-122.2934735,2
2013,2013-10-18,1401,10,3,14,5,N,A,Y,A,H,A,D,22,S,03,C,,,,,C,Y,N,A,3,0,0,0,22350.0,3,40.5656034,-122.3877126,3
2013,2013-10-08,1514,10,3,15,2,N,A,N,A,H,A,D,22,E,03,C,,,,,C,Y,N,D,1,0,0,0,22350.0,3,40.5763499,-122.3858523,4
2013,2013-09-16,904,9,3,9,1,Y,A,Y,A,H,A,F,25,,08,E,,,,Y,C,N,N,A,2,0,0,0,22107.0,2,40.5876552,-122.3923135,3
2013,2013-11-04,925,11,3,9,1,Y,A,N,A,H,A,A,01,,12,D,,,,,C,Y,N,A,1,0,0,0,21453.0,3,40.5796051,-122.3942235,4
2013,2013-09-09,956,9,3,9,1,N,A,N,A,H,A,D,22,N,09,D,,,,,C,N,N,D,1,0,0,0,21804.0,2,40.5642739,-122.3531336,4
2013,2013-11-13,1013,11,3,10,3,Y,A,N,A,H,A,A,01,,09,D,,,,,C,Y,N,D,1,0,0,0,21802.0,2,40.5870051,-122.3437735,4
2013,2013-09-02,1249,9,3,12,1,N,A,N,A,H,A,A,01,S,05,C,,,,Y,E,Y,N,D,1,0,0,0,21650.0,2,40.5680901,-122.3393437,4
2013,2013-11-26,1420,11,3,14,2,N,A,Y,A,H,A,A,07,E,03,C,,,,,C,N,N,A,1,0,0,0,22350.0,2,40.6124756,-122.3625919,4
2013,2013-09-03,1250,9,3,12,2,N,A,N,A,H,A,E,22,N,03,C,,,,,C,N,F,D,1,0,0,0,22350.0,2,40.5720528,-122.3387756,4
2013,2013-11-08,921,11,3,9,5,Y,A,N,A,H,A,D,22,,12,D,,,,,C,N,N,A,1,0,0,0,21453.0,2,40.5830151,-122.3874135,4
2013,2013-09-24,1822,9,3,18,2,Y,B,N,A,H,A,L,04,,05,D,,Y,,,G,N,N,A,1,0,1,0,21650.0,2,40.5851551,-122.3965735,4
2013,2013-09-26,705,9,3,7,4,N,A,N,A,H,A,D,22,S,08,E,,,,,I,N,N,D,1,0,0,0,22107.0,1,40.57285948,-122.43632555,4
2013,2013-12-08,1540,12,4,15,7,N,A,N,A,H,A,D,22,,03,C,,,,,C,N,M,A,1,0,0,0,22350.0,2,40.5710851,-122.3627135,4
2013,2013-09-26,702,9,3,7,4,Y,B,Y,A,H,A,C,02,,09,D,,,Y,,C,N,N,A,1,0,0,1,21802.0,2,40.5756052,-122.3606635,3
2013,2013-12-09,1725,12,4,17,1,N,A,N,A,H,D,D,22,N,03,C,,,,,C,Y,N,A,1,0,0,0,22350.0,2,40.5734699,-122.3387477,3
2013,2013-12-31,1516,12,4,15,2,N,A,N,A,H,A,-,- ,W,09,D,,,,,C,Y,N,D,2,0,0,0,21804.0,2,40.5868698,-122.344467,4
2013,2013-10-03,928,10,3,9,4,Y,A,Y,A,H,A,A,01,,09,D,,,,,C,Y,N,A,1,0,0,0,21453.0,2,40.5545892,-122.3881605,4
2013,2013-12-12,2042,12,4,20,4,Y,A,Y,A,H,C,D,22,,12,D,,,,,C,Y,N,A,2,0,0,0,21453.0,2,40.5851242,-122.3562809,4
2013,2013-10-10,1052,10,3,10,4,N,A,N,A,H,A,D,22,W,08,B,,Y,,,G,N,N,D,1,0,1,0,22107.0,2,40.611451,-122.381842,3
2013,2013-12-23,32,12,4,0,1,N,A,N,-,-,-,D,22,N,01,A,,,,,I,Y,N,D,5,0,0,0,23153.0,1,40.5137104,-122.3801825,2
2013,2013-08-20,1131,8,2,11,2,Y,A,N,A,H,A,A,07,,09,D,,,,,C,Y,N,A,1,0,0,0,21802.0,2,40.5347051,-122.3399635,4
2013,2013-10-17,2146,10,3,21,4,N,A,N,A,H,C,D,22,N,03,C,,,,,C,N,M,A,1,0,0,0,22350.0,2,40.5928693,-122.3514856,4
2013,2013-12-21,1941,12,4,19,6,Y,A,N,A,H,C,L,04,,12,D,,Y,,,G,N,N,A,1,0,1,0,21453.0,2,40.5856151,-122.3388335,3
2013,2013-08-19,1427,8,2,14,1,Y,A,N,A,H,A,A,01,,17,A,,,,,C,Y,N,A,1,0,0,0,21451.0,2,40.5830151,-122.3874135,4
2013,2013-10-31,1753,10,3,17,4,N,A,N,A,H,B,D,22,S,01,C,,,,,C,Y,N,A,1,0,0,0,23152.0,2,40.578411,-122.4057977,4
2013,2013-12-06,1715,12,4,17,5,N,D,N,C,H,B,A,01,N,03,C,,,,,C,N,N,D,1,0,0,0,22350.0,2,40.5653408,-122.3394223,4
2013,2013-08-30,1601,8,2,16,5,N,A,Y,A,H,A,D,22,S,03,C,,,,,C,N,N,A,1,0,0,0,22350.0,2,40.5992706,-122.3842041,4
2013,2013-10-31,833,10,3,8,4,N,A,N,A,H,A,D,22,N,01,E,,,,,I,Y,N,A,1,0,0,0,23152.0,1,40.5954477,-122.3599319,3
2014,2014-12-05,1320,12,4,13,5,N,B,N,B,H,A,A,01,N,03,E,,,,,I,N,N,D,1,0,0,0,22350.0,1,40.4048,-122.28852,4
2014,2014-12-19,1825,12,4,18,5,N,B,Y,B,H,C,A,01,S,03,C,,,,,C,N,N,D,1,0,0,0,22350.0,2,40.60937551,-122.36215112,4
2014,2014-12-20,1325,12,4,13,6,N,B,Y,B,H,A,A,01,N,03,C,,,,,C,Y,N,D,1,0,0,0,22350.0,2,40.5749519,-122.36030559,4
2014,2014-12-21,908,12,4,9,7,N,B,N,B,H,A,A,07,W,08,E,,,,,I,Y,M,D,1,0,0,0,22107.0,1,40.4407558,-122.31198799,3
2014,2014-12-22,1736,12,4,17,1,N,A,Y,A,H,C,A,01,W,03,C,,,,,C,Y,N,D,1,0,0,0,22350.0,3,40.58533322,-122.3609808,4
2014,2014-12-23,1600,12,4,16,2,N,A,Y,A,H,A,A,01,N,03,C,,,,,C,Y,N,D,2,0,0,0,22350.0,2,40.57640252,-122.36030882,4
2014,2014-12-29,750,12,4,7,1,N,A,Y,A,H,A,A,07,N,03,C,,,,,C,N,N,A,1,0,0,0,22350.0,2,40.54051542,-122.35192905,4
2015,2015-01-01,1130,1,4,11,4,N,A,Y,A,H,A,A,07,E,03,C,,,,,C,N,N,A,1,0,0,0,22350.0,2,40.5851031,-122.35746769,4
2014,2014-12-27,2150,12,4,21,6,N,A,Y,A,H,D,A,01,N,08,E,,,,,I,Y,N,D,1,0,0,0,22107.0,1,41.15100167,-122.30967389,3
2015,2015-01-02,2005,1,4,20,5,N,A,Y,A,H,D,D,22,W,01,F,,,,,I,Y,N,D,1,0,0,0,23152.0,1,40.67319182,-122.67433482,2
2015,2015-01-02,1030,1,4,10,5,N,A,Y,A,H,A,A,01,W,08,A,,,,,C,Y,N,D,2,0,0,0,22107.0,2,40.55930089,-122.27769794,3
2015,2015-01-01,1741,1,4,17,4,N,A,N,A,H,D,L,04,S,03,C,,Y,,,G,N,N,D,1,0,1,0,22350.0,2,40.48289645,-122.29327807,2
2015,2015-01-16,2145,1,4,21,5,N,C,Y,B,H,D,D,22,N,01,E,,,,,I,Y,M,D,1,0,0,0,23152.0,1,40.45607313,-122.29538231,4
2015,2015-01-16,1000,1,4,10,5,N,B,Y,B,H,A,D,22,N,03,E,,,,,I,Y,N,D,1,0,0,0,22350.0,1,40.63952182,-122.36587674,4
2015,2015-01-02,1530,1,4,15,5,N,A,N,A,H,A,D,22,N,01,E,,,,,I,Y,N,D,1,0,0,0,23152.0,1,40.45763837,-121.89943,3
2015,2015-01-09,840,1,4,8,5,N,B,N,A,H,A,A,01,S,03,C,,,,,C,N,N,D,1,0,0,0,22350.0,2,40.42812153,-122.22782341,4
2015,2015-01-08,1205,1,4,12,4,N,A,Y,A,H,A,D,22,W,03,C,,,,,C,N,N,D,1,0,0,0,22350.0,2,40.59809866,-122.49067719,4
2015,2015-01-10,430,1,4,4,6,N,B,Y,A,H,D,A,07,N,08,F,,,,,A,Y,N,D,3,0,0,0,22107.0,1,40.47079209,-122.30979733,4
2015,2015-01-15,1145,1,4,11,4,N,B,Y,A,H,A,A,01,N,03,C,,,,,C,N,N,D,2,0,0,0,22350.0,2,40.59554919,-122.36041532,4
2015,2015-01-15,1131,1,4,11,4,N,B,Y,A,H,A,A,01,S,03,C,,,,,C,Y,N,D,2,0,0,0,22350.0,2,40.61893653,-122.3651581,3
2015,2015-02-06,2139,2,4,21,5,N,B,Y,B,H,D,G,27,N,03,D,,,,Y,C,Y,N,D,3,0,0,0,22350.0,2,40.73846419,-122.31522551,2
2015,2015-03-03,713,3,1,7,2,N,A,N,A,H,A,D,22,E,03,C,,,,,C,N,N,D,1,0,0,0,22350.0,2,40.38921,-122.32148127,4
2015,2015-03-03,134,3,1,1,2,N,A,N,A,H,D,D,23,S,01,E,,,,,I,Y,N,D,1,0,0,0,23152.0,1,40.44496719,-122.26097164,3
2015,2015-03-02,1215,3,1,12,1,N,A,Y,A,H,A,A,01,E,03,C,,,,,C,Y,N,D,1,0,0,0,22350.0,3,40.57540159,-122.36030659,4
2014,2014-12-01,1237,12,4,12,1,N,C,Y,B,H,A,G,25,N,08,E,,,,Y,I,Y,N,D,1,0,0,0,22107.0,2,40.74126683,-122.31399557,3
2015,2015-01-06,1650,1,4,16,2,N,A,N,A,H,A,N,60,W,11,G,Y,,,,B,N,N,D,1,1,0,0,21954.0,2,,,4
2015,2015-01-25,1203,1,4,12,7,Y,A,N,A,H,A,-,,,09,D,,,,,C,N,N,A,1,0,0,0,21802.0,2,40.44982998,-122.29621988,4
2015,2015-01-01,1605,1,4,16,4,N,A,Y,A,H,B,A,01,S,08,E,,,,,I,Y,N,D,1,0,0,0,22107.0,1,40.73687381,-121.45732467,4
2015,2015-01-11,2144,1,4,21,7,N,A,Y,A,H,C,A,01,N,03,C,,,,,C,Y,N,D,1,0,0,0,22350.0,2,40.45827903,-122.29754897,3
2015,2015-01-04,2143,1,4,21,7,N,A,N,A,H,D,A,01,N,01,E,,,,,I,Y,N,D,1,0,0,0,23152.0,1,40.65575127,-122.24070124,3
2014,2014-12-31,1455,12,4,14,3,N,A,Y,A,H,A,A,01,W,09,D,,,,,C,Y,N,D,1,0,0,0,21802.0,2,40.54237371,-121.58003887,4
2014,2014-12-24,1440,12,4,14,3,N,D,Y,C,H,A,A,01,E,03,E,,,,,I,Y,N,D,1,0,0,0,22350.0,1,40.67058065,-121.36261865,3
2014,2014-12-21,1658,12,4,16,7,N,B,N,B,H,C,A,01,S,03,B,,,,,E,Y,N,D,1,0,0,0,22350.0,2,40.87859088,-121.65605958,4
2015,2015-01-15,1420,1,4,14,4,N,B,Y,A,H,A,A,01,N,08,B,,,,,I,Y,M,D,1,0,0,0,22107.0,1,40.75859347,-122.3190641,4
2015,2015-01-08,805,1,4,8,4,N,A,Y,A,H,A,A,01,E,01,E,,,,,I,Y,N,D,1,0,0,0,23152.0,1,40.666879,-122.18113434,3
2015,2015-01-26,1712,1,4,17,1,N,A,Y,A,H,B,D,22,N,03,C,,,,,C,Y,N,D,1,0,0,0,22350.0,2,40.52148648,-122.34550812,3
2015,2015-01-09,1400,1,4,14,5,N,A,Y,A,H,A,A,01,E,03,E,,,,,I,Y,N,D,2,0,0,0,22350.0,1,40.52286812,-121.68078242,4
2015,2015-01-15,33,1,4,0,4,N,A,N,A,H,D,A,01,N,03,E,,,,,I,Y,F,D,2,0,0,0,22350.0,1,40.48876669,-122.37465413,2
2015,2015-01-15,1130,1,4,11,4,N,B,Y,A,H,A,A,01,S,08,E,,,,,I,Y,N,D,1,0,0,0,22107.0,1,40.6199954,-122.36590063,4
2015,2015-01-13,1940,1,4,19,2,N,A,N,C,H,A,A,07,S,08,E,,,,,I,Y,N,D,1,0,0,0,22107.0,1,41.03460694,-121.49204571,3
2015,2015-01-19,1514,1,4,15,1,N,A,N,A,H,A,A,07,W,01,C,,,,Y,C,Y,N,D,1,0,0,0,23152.0,2,40.57837001,-122.3171643,4
2015,2015-01-31,1703,1,4,17,6,Y,A,Y,A,H,A,D,22,,09,D,,,,,C,Y,N,A,1,0,0,0,21802.0,2,40.49803016,-122.37086156,4
2015,2015-01-02,1740,1,4,17,5,N,A,N,A,H,B,-,99,N,00,B,,Y,,,G,N,F,D,1,0,1,0,21760.0,2,40.42194542,-122.2856157,4
2015,2015-01-20,1620,1,4,16,2,Y,A,N,A,H,A,A,01,,12,D,,,,,C,Y,N,A,1,0,0,0,21453.0,2,40.38932996,-122.28780991,4
2015,2015-01-23,2100,1,4,21,5,Y,A,Y,A,H,C,A,01,,09,D,,,,,C,Y,N,A,2,0,0,0,21802.0,2,40.49793851,-122.37103172,2
2015,2015-01-24,2107,1,4,21,6,N,A,Y,A,H,D,A,07,S,08,E,,,,,I,Y,N,D,1,0,0,0,22107.0,1,40.77125138,-122.31334157,3
2015,2015-01-31,1930,1,4,19,6,N,B,N,A,H,D,C,02,W,08,F,,,Y,,A,N,N,D,2,0,0,2,22107.0,1,40.70918951,-121.96526885,3
2015,2015-01-12,1300,1,4,13,1,N,A,N,A,H,A,A,01,E,01,E,,,,,I,N,N,D,1,0,0,0,23152.0,1,40.44310045,-122.37049628,2
2015,2015-01-27,1708,1,4,17,2,N,A,N,A,H,A,A,01,S,01,C,,,,,C,Y,N,D,2,0,0,0,23152.0,2,40.56879008,-122.23857701,3
2015,2015-01-08,1618,1,4,16,4,N,A,Y,A,H,A,A,01,N,01,F,,,,,I,Y,N,A,3,0,0,0,23152.0,1,40.48798777,-122.35617569,3