ACCIDENT_YEAR,COLLISION_DATE,COLLISION_TIME,MONTH,SEASON,24HOURS,DAY_OF_WEEK,INTERSECTION,WEATHER_1,STATE_HWY_IND,ROAD_SURFACE,ROAD_COND_1,LIGHTING,STWD_VEHTYPE_AT_FAULT,CHP_VEHTYPE_AT_FAULT,DIRECTION,PCF_VIOL_CATEGORY,TYPE_OF_COLLISION,PEDESTRIAN_ACCIDENT,BICYCLE_ACCIDENT,MOTORCYCLE_ACCIDENT,TRUCK_ACCIDENT,MVIW,TOW_AWAY,HIT_AND_RUN,CONTROL_DEVICE,NUMBER_INJURED,COUNT_PED_INJURED,COUNT_BICYCLIST_INJURED,COUNT_MC_INJURED,PCF_VIOLATION,PARTY_COUNT,POINT_Y,POINT_X,COLLISION_SEVERITY
2015,2015-03-12,1612,3,1,16,4,Y,A,N,A,H,A,A,01,,01,D,,,,,C,N,N,D,1,0,0,0,23152.0,2,40.57309999,-122.38555,4
2015,2015-05-04,951,5,1,9,1,N,A,N,A,-,A,A,01,S,03,C,,,,,C,Y,N,D,4,0,0,0,22350.0,2,40.52282577,-122.38178455,3
2015,2015-03-18,1618,3,1,16,3,N,A,Y,A,H,A,A,01,N,03,C,,,,,-,Y,N,A,5,0,0,0,22350.0,4,40.52957237,-122.3837219,4
2015,2015-01-19,637,1,4,6,1,Y,A,N,B,H,C,A,01,,09,A,,,,,C,N,N,A,3,0,0,0,21453.0,2,40.56373999,-122.33949996,3
2015,2015-03-20,1453,3,1,14,5,Y,B,N,A,H,A,D,22,,09,A,,,,,C,Y,N,A,1,0,0,0,21803.0,2,40.57833996,-122.33868997,4
2015,2015-06-24,2148,6,2,21,3,N,A,N,A,H,C,N,60,N,11,G,Y,,,,B,N,N,D,1,1,0,0,21954.0,3,40.56049366,-122.33913274,3
2015,2015-06-29,1412,6,2,14,1,N,A,N,A,H,A,A,07,S,07,B,,,,,C,Y,N,D,1,0,0,0,21658.0,2,40.58647992,-122.35801999,4
2015,2015-06-30,1715,6,2,17,2,Y,A,Y,A,H,A,D,22,,12,D,,,,,C,N,N,A,1,0,0,0,21453.0,2,40.56887992,-122.38788972,4
2015,2015-01-26,2015,1,4,20,1,Y,A,Y,A,H,C,D,22,,12,D,,,,,C,Y,M,A,1,0,0,0,21453.0,2,40.56159032,-122.38756482,4
2015,2015-01-01,1658,1,4,16,4,N,A,N,A,H,A,C,03,E,05,E,,,Y,,I,N,N,D,1,0,0,1,21650.0,1,40.5865528,-122.38060142,3
2015,2015-02-09,1326,2,4,13,1,Y,A,N,B,H,A,A,01,,12,D,,,,,C,Y,N,A,1,0,0,0,21453.0,2,40.58940996,-122.35816991,4
2015,2015-01-14,1352,1,4,13,3,N,B,N,A,H,A,-,- ,S,00,H,,,Y,,J,Y,N,D,1,0,0,1,,1,40.56464529,-122.37125847,2
2015,2015-02-13,2318,2,4,23,5,Y,A,Y,A,H,C,A,01,,01,D,,,,,C,Y,N,A,1,0,0,0,23152.0,2,40.58271209,-122.36040734,4
2015,2015-01-15,2000,1,4,20,4,N,C,N,B,H,C,A,01,W,01,E,,,,,I,Y,N,D,1,0,0,0,23152.0,1,40.57103,-122.34364681,4
2015,2015-02-14,1625,2,4,16,6,N,A,N,A,H,A,A,01,S,01,D,,,Y,,C,Y,N,D,1,0,0,1,23153.0,2,40.57910692,-122.38720452,3
2015,2015-01-24,1422,1,4,14,6,N,A,N,A,H,A,A,01,S,03,C,,,,,C,Y,N,D,1,0,0,0,22350.0,2,40.5705787,-122.35309872,4
2015,2015-02-16,48,2,4,0,1,Y,A,Y,A,H,C,-,,,03,C,,,,,C,N,F,A,1,0,0,0,22350.0,2,40.56841315,-122.36055865,4
2015,2015-01-22,1400,1,4,14,4,Y,A,N,A,H,A,-,- ,,00,D,,,,,C,Y,N,-,1,0,0,0,,2,40.60998992,-122.37944994,4
2015,2015-02-17,1440,2,4,14,2,N,A,N,A,H,A,A,01,N,03,C,,,,,C,Y,N,D,3,0,0,0,22350.0,2,40.57729212,-122.4236133,4
2015,2015-01-24,1127,1,4,11,6,Y,A,N,A,H,A,A,01,,07,E,,,,,I,Y,N,D,1,0,0,0,21658.0,1,40.56082991,-122.35860995,4
2015,2015-02-17,1458,2,4,14,2,Y,B,N,A,H,A,A,08,,09,A,,,,,C,Y,N,D,1,0,0,0,21801.0,2,40.56247997,-122.35310986,4
2015,2015-01-28,1059,1,4,10,3,Y,A,N,A,H,A,A,01,,03,C,,,,,C,N,N,A,1,0,0,0,22350.0,2,40.57347989,-122.35312985,4
2015,2015-02-18,1110,2,4,11,3,N,A,N,A,H,A,L,04,S,05,E,,Y,,,I,N,N,D,1,0,1,0,21650.0,1,40.59986309,-122.32625018,3
2015,2015-01-28,2001,1,4,20,3,Y,A,N,A,H,C,A,01,,10,D,Y,,,,B,N,N,A,1,1,0,0,21950.0,2,40.58269997,-122.38876992,4
2015,2015-01-30,241,1,4,2,5,N,A,N,A,H,C,A,01,N,01,E,,,,,I,Y,F,A,2,0,0,0,23153.0,1,40.59829113,-122.35093498,3
2015,2015-02-21,205,2,4,2,6,Y,A,N,A,H,C,A,01,,01,E,,,,,I,Y,N,A,1,0,0,0,23153.0,1,40.53653996,-122.36113994,3
2015,2015-01-30,2139,1,4,21,5,N,A,N,A,H,C,A,01,S,03,C,,,,,C,N,N,A,1,0,0,0,22350.0,2,40.58527933,-122.38983891,3
2015,2015-02-21,1805,2,4,18,6,Y,A,N,A,H,C,A,01,,03,C,,,,,C,N,N,A,1,0,0,0,22350.0,2,40.56373999,-122.33949996,3
2015,2015-02-23,1647,2,4,16,1,Y,A,N,A,H,A,N,60,,11,A,Y,,,,B,N,N,A,1,1,0,0,21950.0,2,40.5869899,-122.39979989,3
2015,2015-02-26,1227,2,4,12,4,N,A,N,A,H,A,A,01,N,09,D,,,Y,,C,Y,N,D,1,0,0,1,21801.0,2,40.5870067,-122.35078973,3
2015,2015-02-02,1133,2,4,11,1,N,B,N,B,H,A,-,,W,03,C,,,,,C,Y,N,D,4,0,0,0,22350.0,2,40.63513597,-122.38674097,2
2015,2015-02-27,1431,2,4,14,5,Y,A,N,A,H,A,A,01,,09,D,,,,,C,Y,N,A,1,0,0,0,21802.0,2,40.64118993,-122.36298996,3
2015,2015-02-04,1716,2,4,17,3,Y,A,N,A,H,B,A,01,,03,C,,,,,C,Y,N,D,3,0,0,0,22350.0,2,40.57975994,-122.40059,4
2015,2015-03-01,1446,3,1,14,7,N,A,N,A,H,A,A,01,S,09,D,,,,,C,Y,N,D,1,0,0,0,21804.0,2,40.58864141,-122.35814606,4
2015,2015-02-04,1432,2,4,14,3,N,A,N,A,H,A,-,- ,W,00,-,,,,,C,N,N,A,1,0,0,0,,2,40.57105083,-122.36292004,4
2015,2015-03-02,1142,3,1,11,1,N,B,Y,B,H,A,A,01,N,03,E,,,,,I,Y,N,A,1,0,0,0,22350.0,1,40.50676962,-122.3794496,3
2015,2015-02-04,2110,2,4,21,3,Y,A,N,A,H,C,A,08,,07,E,,,,,I,Y,N,A,1,0,0,0,21658.0,1,40.58269997,-122.38876992,4
2015,2015-03-02,1235,3,1,12,1,N,B,N,A,H,A,A,01,E,09,D,,,,,C,Y,N,D,1,0,0,0,21804.0,2,40.57104905,-122.35780795,4
2015,2015-02-06,1442,2,4,14,5,N,C,N,B,H,A,A,01,N,05,E,,,,,I,Y,N,D,1,0,0,0,21650.0,1,40.65931612,-122.32895504,3
2015,2015-03-02,1412,3,1,14,1,N,A,N,A,H,A,A,01,N,09,D,,,,,C,Y,N,D,1,0,0,0,21801.0,2,40.61760077,-122.37264666,4
2015,2015-02-13,1440,2,4,14,5,N,A,N,A,H,A,A,01,S,03,C,,,,,C,N,N,A,1,0,0,0,22350.0,2,40.56374882,-122.36263913,4
2015,2015-03-04,2019,3,1,20,3,N,A,N,A,H,D,A,01,S,01,A,,,,,C,Y,N,A,2,0,0,0,23152.0,2,40.57493798,-122.3925432,3
2015,2015-02-11,1124,2,4,11,3,N,A,N,A,D,A,C,02,E,03,H,,,Y,,I,Y,N,D,1,0,0,1,22350.0,1,40.587826,-122.32684208,3
2015,2015-03-07,1058,3,1,10,6,Y,A,N,A,H,A,A,01,,09,D,,Y,,,G,N,N,A,1,0,1,0,21800.0,2,40.56797992,-122.36919,4
2015,2015-02-11,1242,2,4,12,3,N,A,N,A,H,A,-,- ,,18,E,,,,,I,Y,N,D,1,0,0,0,,1,40.50553992,-122.3048899,4
2015,2015-03-10,1548,3,1,15,2,N,A,N,A,H,A,A,08,S,03,C,,,,,C,N,M,A,1,0,0,0,22350.0,2,40.57098508,-122.35309985,4
2015,2015-03-11,1145,3,1,11,3,N,B,N,B,H,A,C,02,W,03,F,,,Y,,A,N,N,A,1,0,0,1,22350.0,1,40.58300783,-122.40686889,4
2015,2015-04-04,952,4,1,9,6,Y,A,N,A,H,A,-,,,12,D,,,,,C,Y,N,A,1,0,0,0,21453.0,2,40.58566989,-122.39000991,4
2015,2015-01-18,2301,1,4,23,7,N,A,N,B,H,C,A,01,S,03,C,,,,,C,N,N,A,1,0,0,0,22350.0,2,40.60931328,-122.3767416,4
2015,2015-03-14,1822,3,1,18,6,N,B,N,B,H,A,N,60,W,11,D,Y,,,,B,N,N,D,1,1,0,0,21956.0,2,40.58208964,-122.35438003,4
2015,2015-04-07,1351,4,1,13,2,N,B,N,B,H,A,A,01,E,05,E,,,,,I,Y,N,D,1,0,0,0,21650.0,1,40.53915321,-122.35708773,3
2015,2015-03-12,2138,3,1,21,4,N,A,N,A,D,C,L,04,N,05,D,,Y,,,G,N,N,D,1,0,1,0,21650.0,2,40.60392268,-122.37524304,4
2015,2015-03-11,1653,3,1,16,3,Y,C,N,B,H,A,A,01,,03,C,,,,,C,N,N,A,1,0,0,0,22350.0,2,40.5853499,-122.39128995,4
2015,2015-03-15,2031,3,1,20,7,N,B,N,B,H,C,L,04,E,09,D,,Y,,,G,N,N,D,1,0,1,0,21800.0,2,40.57106,-122.36522078,4
2015,2015-04-09,1613,4,1,16,4,Y,A,N,A,H,A,A,01,,09,D,,,Y,,C,Y,N,D,1,0,0,1,21802.0,2,40.53102997,-122.38697988,2
2015,2015-03-17,805,3,1,8,2,Y,A,N,A,H,A,L,04,,05,D,,Y,,,C,N,N,D,1,0,1,0,21650.0,2,40.58081996,-122.39632987,4
2015,2015-04-09,1956,4,1,19,4,Y,A,N,A,H,C,A,01,,12,A,,,,,C,N,N,A,2,0,0,0,21453.0,2,40.57104992,-122.35805997,4
2015,2015-03-20,216,3,1,2,5,N,A,N,A,H,C,-,- ,N,18,G,Y,,,,B,N,N,A,1,1,0,0,,2,40.57979273,-122.35782379,2
2015,2015-04-14,1500,4,1,15,2,Y,A,N,A,H,A,A,01,,03,C,,,,,C,N,N,D,2,0,0,0,22350.0,2,40.56377997,-122.34828991,4
2015,2015-03-18,1854,3,1,18,3,Y,A,N,A,H,A,A,01,,12,D,,,,,-,N,N,A,1,0,0,0,22450.0,2,40.55975996,-122.35830997,4
2015,2015-04-15,2351,4,1,23,3,N,A,N,A,H,C,A,01,W,05,E,,,,,I,Y,N,D,2,0,0,0,21650.0,1,40.57846973,-122.37552106,3
2015,2015-03-18,1645,3,1,16,3,N,A,N,A,H,A,A,01,E,09,A,,,,,C,Y,N,A,1,0,0,0,21804.0,2,40.56374996,-122.34053799,4
2015,2015-04-11,2159,4,1,21,6,Y,A,N,A,H,C,A,07,,01,B,,,,,C,N,N,A,1,0,0,0,23153.0,2,40.53809996,-122.34897998,4
2015,2015-03-18,314,3,1,3,3,Y,A,N,A,H,D,L,04,,05,H,,Y,,,I,N,N,D,1,0,1,0,21650.0,1,40.57282996,-122.38477998,4
2015,2015-03-21,119,3,1,1,6,Y,A,N,A,H,C,A,01,,01,E,,,,,I,Y,N,A,4,0,0,0,23153.0,1,40.5875799,-122.33906989,3
2015,2015-03-21,2202,3,1,22,6,N,B,N,A,H,C,A,07,N,01,C,,,,,E,N,M,D,1,0,0,0,23152.0,2,40.55114,-122.33582,3
2015,2015-04-18,1238,4,1,12,6,N,A,N,A,H,A,L,04,W,03,H,,Y,,,J,N,N,D,1,0,1,0,22350.0,1,40.57132599,-122.36996652,3
2015,2015-03-21,2047,3,1,20,6,N,A,N,A,H,C,A,01,E,03,C,,,,,A,N,N,D,1,0,0,0,22350.0,2,40.5856532,-122.3426916,4
2015,2015-04-19,2500,4,1,25,7,N,A,N,A,H,A,N,60,W,11,A,Y,,,,B,N,N,D,1,1,0,0,21954.0,2,40.57079469,-122.37936109,4
2015,2015-03-24,2329,3,1,23,2,N,A,N,A,H,C,A,01,N,00,A,Y,,,,B,N,F,D,1,1,0,0,23103.0,2,40.55405303,-122.32538787,4
2015,2015-04-19,1824,4,1,18,7,N,A,N,A,H,A,A,01,N,03,C,,,,,C,N,N,A,1,0,0,0,22350.0,2,40.58568969,-122.38993891,4
2015,2015-03-28,1624,3,1,16,6,Y,A,N,A,H,A,A,08,,03,C,,,,,C,Y,N,D,1,0,0,0,22350.0,2,40.5677,-122.32555989,4
2015,2015-04-21,1739,4,1,17,2,Y,A,N,A,H,A,C,02,,03,-,,,Y,,C,N,N,A,1,0,0,1,22350.0,2,40.52993994,-122.38033993,4
2015,2015-03-28,2227,3,1,22,6,Y,A,N,A,H,C,A,07,,09,A,,,,,C,Y,N,A,5,0,0,0,21453.0,2,40.56373999,-122.33949996,3
2015,2015-04-23,1844,4,1,18,4,N,A,N,A,H,A,A,01,E,01,B,,,,,C,Y,N,D,2,0,0,0,23152.0,2,40.5638367,-122.31098821,2
2015,2015-03-26,1155,3,1,11,4,Y,A,N,A,H,A,A,01,,09,H,,,,,A,N,N,D,1,0,0,0,21804.0,2,40.56988989,-122.36273999,3
2015,2015-04-24,1338,4,1,13,5,N,B,N,A,H,A,A,01,S,03,C,,,,,C,N,N,A,3,0,0,0,22350.0,3,40.57293764,-122.35801168,4
2015,2015-04-01,1742,4,1,17,3,N,A,N,A,H,A,A,01,W,03,C,,,,,C,N,N,A,2,0,0,0,22350.0,3,40.57105249,-122.36328011,4
2015,2015-04-27,1006,4,1,10,1,N,A,N,A,H,A,A,01,N,03,C,,,,,C,Y,N,A,1,0,0,0,22350.0,2,40.60007893,-122.38363076,4
2015,2015-04-02,1602,4,1,16,4,N,A,N,A,H,A,-,- ,N,00,H,,Y,,,J,N,N,D,1,0,1,0,,1,40.55424551,-122.35296166,4
2015,2015-04-27,1302,4,1,13,1,N,A,N,A,H,A,A,01,S,09,D,,,,,C,Y,N,D,2,0,0,0,21804.0,2,40.57662485,-122.35792055,4
2015,2015-04-03,1515,4,1,15,5,Y,A,N,A,H,A,A,01,,09,D,,,,,C,Y,N,A,4,0,0,0,21802.0,2,40.55896996,-122.30173996,4
2015,2015-05-01,445,5,1,4,5,N,A,N,A,H,C,A,01,N,05,E,,,,,I,Y,N,D,1,0,0,0,21650.0,1,40.57488957,-122.38101408,4
2015,2015-04-30,1534,4,1,15,4,N,A,N,A,H,A,A,01,W,09,A,,,,,C,Y,N,A,2,0,0,0,21804.0,3,40.5637406,-122.34000405,3
2015,2015-05-24,2357,5,1,23,7,N,A,N,A,H,C,A,01,S,01,E,,,,,I,Y,N,A,1,0,0,0,23152.0,2,40.62409298,-122.40469161,3
2015,2015-04-29,1737,4,1,17,3,N,A,N,A,H,A,-,,N,09,-,,,,,C,Y,N,D,1,0,0,0,21801.0,2,40.58696718,-122.35080493,4
2015,2015-05-28,1808,5,1,18,4,Y,A,N,A,H,A,-,,,11,G,,,,,B,N,N,A,1,0,0,0,21954.0,2,40.58142995,-122.38673995,3
2015,2015-05-03,930,5,1,9,7,N,A,N,A,H,A,A,07,S,09,D,,,,,C,Y,N,D,1,0,0,0,21804.0,2,40.55283164,-122.35294886,4
2015,2015-05-26,1629,5,1,16,2,N,A,N,A,H,A,-,- ,W,00,F,,,Y,,A,Y,F,D,1,0,0,1,,1,40.58822626,-122.33121031,3
2015,2015-05-03,1151,5,1,11,7,Y,A,N,A,H,A,A,01,,00,D,,Y,,,G,N,N,D,1,0,1,0,21760.0,2,40.54937992,-122.36248986,3
2015,2015-05-30,1532,5,1,15,6,N,A,N,A,H,A,L,04,S,09,-,,Y,,,G,N,N,A,1,0,1,0,21453.0,2,40.58614591,-122.35156874,3
2015,2015-05-06,753,5,1,7,3,N,A,N,A,H,A,-,- ,W,03,C,,,,,C,Y,N,A,2,0,0,0,22350.0,3,40.53897589,-122.35484594,3
2015,2015-06-01,1634,6,2,16,1,N,A,N,A,H,A,A,01,N,01,H,,,,,I,N,N,D,2,0,0,0,23152.0,1,40.61345,-122.37531,3
2015,2015-05-05,1445,5,1,14,2,Y,A,N,A,H,A,A,01,,08,B,,,,,C,N,N,A,1,0,0,0,22107.0,2,40.5830299,-122.38743,4
2015,2015-05-31,1248,5,1,12,7,N,A,N,A,H,A,L,04,S,00,D,,Y,,,G,N,N,A,1,0,1,0,21651.0,2,40.58514687,-122.39655472,3
2015,2015-05-08,757,5,1,7,5,N,A,N,A,H,A,A,01,W,03,C,,,,,C,Y,N,D,2,0,0,0,22350.0,3,,,4
2015,2015-06-03,1506,6,2,15,3,N,A,N,A,H,A,A,01,W,03,E,,,,,I,Y,N,D,2,0,0,0,22350.0,1,40.50189575,-122.43240277,4
2015,2015-05-07,1611,5,1,16,4,N,A,N,A,H,A,A,01,W,12,A,,,,,C,N,N,A,2,0,0,0,22450.0,2,40.58839,-122.35331,4
2015,2015-06-03,1647,6,2,16,3,N,B,N,A,H,A,A,01,N,09,D,,,,,C,Y,N,D,2,0,0,0,21801.0,2,40.56759475,-122.35309046,3
2015,2015-05-09,51,5,1,0,6,N,A,N,A,H,C,A,01,S,01,A,,,,,E,Y,N,D,1,0,0,0,23152.0,2,40.63273218,-122.35388863,3
2015,2015-06-04,1636,6,2,16,4,Y,B,N,B,H,A,-,,,09,D,,,,,C,Y,N,B,1,0,0,0,21800.0,2,40.58118999,-122.39488,3
2015,2015-05-09,1226,5,1,12,6,N,A,N,A,H,A,-,- ,W,22,F,,Y,,,J,N,N,A,1,0,1,0,,1,,,2
2015,2015-06-06,1118,6,2,11,6,N,A,N,A,H,A,A,01,S,03,C,,,,,C,Y,N,D,1,0,0,0,22350.0,2,40.6200152,-122.37089349,4
2015,2015-05-09,2057,5,1,20,6,N,A,N,A,H,C,L,04,E,08,E,,Y,,,I,N,N,D,1,0,1,0,22107.0,1,40.57623522,-122.3858728,2
2015,2015-06-08,1232,6,2,12,1,N,A,N,A,H,A,A,01,N,08,B,,,Y,,C,Y,N,D,1,0,0,1,22107.0,2,40.57384359,-122.35798915,3
2015,2015-05-11,1251,5,1,12,1,N,A,N,A,H,A,A,01,W,03,C,,,,,C,N,M,D,1,0,0,0,22350.0,2,40.61019955,-122.37980668,4
2015,2015-06-08,1344,6,2,13,1,Y,A,N,A,H,A,A,01,,09,D,,,,,C,Y,N,A,1,0,0,0,21803.0,2,40.58773503,-122.32494991,4
2015,2015-05-11,1406,5,1,14,1,Y,A,N,A,H,A,A,01,,03,C,,,,,C,Y,N,A,1,0,0,0,22350.0,2,40.61017991,-122.37397989,4
2015,2015-06-09,958,6,2,9,2,Y,A,N,A,H,A,A,01,,09,D,,,Y,,C,N,N,A,1,0,0,0,21802.0,2,40.52287996,-122.38357997,3
2015,2015-05-12,1504,5,1,15,2,Y,A,N,A,H,A,A,01,,12,D,,,,,C,Y,N,A,1,0,0,0,22450.0,2,40.59794,-122.35034997,4
2015,2015-06-09,1226,6,2,12,2,N,A,N,A,H,A,A,01,E,09,D,,,,,C,Y,N,D,1,0,0,0,21804.0,2,40.57911889,-122.40314403,4
2015,2015-05-20,1556,5,1,15,3,N,B,N,A,H,A,A,01,S,03,C,,,,,C,Y,N,A,1,0,0,0,22350.0,2,40.59242142,-122.35835676,3
2015,2015-06-12,2341,6,2,23,5,Y,A,N,A,H,C,-,- ,,00,A,,,,,C,Y,N,A,3,0,0,0,,2,40.57103991,-122.35309998,4
2015,2015-05-16,2213,5,1,22,6,-,B,N,A,H,D,A,01,N,01,E,,,,,I,Y,N,D,1,0,0,0,23152.0,1,40.60748175,-122.37645451,3
2015,2015-06-16,1911,6,2,19,2,Y,A,N,A,H,A,A,07,,09,A,,,Y,,C,N,N,A,1,0,0,1,21801.0,2,40.57504995,-122.37625998,3
2015,2015-05-21,1701,5,1,17,4,Y,B,N,A,H,A,-,- ,,09,H,,,Y,,A,Y,F,A,1,0,0,1,21801.0,2,40.58080989,-122.38933991,3
2015,2015-06-17,925,6,2,9,3,N,A,N,A,H,A,A,07,E,09,A,,,,,C,Y,N,D,1,0,0,0,21801.0,2,40.57222583,-122.38312533,4
2015,2015-05-15,1716,5,1,17,5,N,A,N,A,H,A,A,01,W,03,C,,,,,C,Y,N,A,1,0,0,0,22350.0,2,40.57105,-122.34783204,3
2015,2015-06-23,1315,6,2,13,2,N,A,N,A,H,A,A,01,W,03,C,,,,,C,N,N,A,2,0,0,0,22350.0,2,40.57105066,-122.36288403,4
2015,2015-05-21,1805,5,1,18,4,N,A,N,A,H,A,A,01,W,03,C,,,,,C,N,N,D,1,0,0,0,22350.0,2,40.56382,-122.35333603,4
2015,2015-06-23,1720,6,2,17,2,Y,A,N,A,H,A,A,01,,09,A,,,,,C,Y,N,A,2,0,0,0,21801.0,2,40.5830299,-122.38743,3
2015,2015-05-23,224,5,1,2,6,N,A,N,A,H,C,-,- ,N,18,E,,,Y,,H,N,N,D,1,0,0,1,,1,40.65870602,-122.33898058,3
2015,2015-06-23,1634,6,2,16,2,N,A,N,A,H,A,-,,N,09,D,,,,,D,Y,N,D,2,0,0,0,21801.0,2,40.56793871,-122.3589694,4
2015,2015-06-24,641,6,2,6,3,N,A,N,A,H,A,L,04,N,05,D,,Y,,,G,N,N,D,1,0,1,0,21202.0,2,40.57681422,-122.3865939,3
2015,2015-02-11,1121,2,4,11,3,N,A,Y,A,H,A,C,02,S,03,F,,,Y,,J,Y,N,D,1,0,0,1,22350.0,1,40.51519385,-122.38098942,3
2015,2015-06-25,1315,6,2,13,4,N,A,N,A,H,A,A,01,E,05,E,,,,,I,Y,N,D,1,0,0,0,21650.0,1,40.55647038,-122.39726722,3
2015,2015-02-11,2131,2,4,21,3,N,A,Y,A,H,C,A,01,W,10,G,Y,,,,B,N,F,A,1,1,0,0,21950.0,2,40.58760717,-122.39227858,4
2015,2015-06-28,1551,6,2,15,7,N,B,N,A,H,A,A,01,N,09,D,,,,,C,Y,N,D,1,0,0,0,21804.0,2,40.58616183,-122.34732223,3
2015,2015-03-02,1444,3,1,14,1,Y,A,Y,A,H,A,A,01,,09,D,,,,,C,Y,N,A,1,0,0,0,21802.0,2,40.58624147,-122.398581,4
2015,2015-07-13,1716,7,2,17,1,N,A,N,A,H,A,A,08,S,08,A,,,Y,,C,Y,N,D,3,0,0,2,22107.0,2,40.57029863,-122.35309795,2
2015,2015-03-02,1501,3,1,15,1,Y,A,Y,A,H,A,-,- ,,00,D,,,,,C,Y,N,A,2,0,0,0,,2,40.5866927,-122.39042435,4
2015,2015-03-03,1312,3,1,13,2,N,B,Y,A,H,A,A,01,W,03,C,,,,,C,,N,A,1,0,0,0,22350.0,2,40.53523496,-122.34982761,4
2015,2015-03-05,2233,3,1,22,4,N,A,Y,A,H,C,A,07,S,01,A,,,,,C,Y,N,D,1,0,0,0,23152.0,2,40.57258238,-122.38817518,3
2015,2015-03-06,1909,3,1,19,5,Y,-,Y,-,-,-,A,01,,00,-,,,,,-,N,F,-,1,0,0,0,20001.0,2,40.53523496,-122.34982761,4
2015,2015-03-11,755,3,1,7,3,N,C,Y,B,H,A,A,01,N,03,D,,,,,C,Y,N,D,1,0,0,0,22350.0,2,40.50708607,-122.37953715,3
2015,2015-03-11,1346,3,1,13,3,N,C,N,B,H,A,A,01,N,03,C,,,,,C,Y,N,D,2,0,0,0,22350.0,2,40.51772385,-122.38092031,4
2015,2015-04-17,1324,4,1,13,5,Y,A,Y,A,H,A,A,07,,01,D,,,,,C,Y,N,A,2,0,0,0,23152.0,2,40.57393509,-122.38772199,3
2015,2015-04-20,1555,4,1,15,1,N,A,Y,A,H,A,A,01,S,05,E,,,,,I,Y,N,D,1,0,0,0,21650.0,1,40.54774357,-122.38691562,4
2015,2015-04-21,1451,4,1,14,2,N,A,Y,A,H,A,A,07,E,03,C,,,,,C,N,N,D,1,0,0,0,22350.0,2,40.58414695,-122.42513781,4
2015,2015-05-21,2031,5,1,20,4,Y,A,Y,A,H,A,A,01,,12,D,,,,,C,Y,N,A,1,0,0,0,21453.0,2,40.5851031,-122.35746769,3
2015,2015-05-28,1730,5,1,17,4,Y,A,Y,A,H,A,A,01,,03,C,,,,,C,N,N,A,1,0,0,0,22350.0,2,40.53576829,-122.3503944,4
2015,2015-06-01,1001,6,2,10,1,N,A,Y,A,H,A,A,07,S,03,C,,,,,C,Y,N,A,1,0,0,0,22350.0,2,40.58617911,-122.39167124,4
2015,2015-01-05,1204,1,4,12,1,Y,A,Y,A,H,A,A,01,,17,A,,,,,C,Y,N,A,2,0,0,0,21451.0,2,40.5872807,-122.39356073,3
2015,2015-06-13,2244,6,2,22,6,Y,A,Y,A,H,C,A,01,,12,D,,,,,C,Y,N,A,1,0,0,0,21453.0,2,40.58442654,-122.34926796,3
2015,2015-01-07,1154,1,4,11,3,N,A,Y,A,H,A,A,08,N,03,C,,,,,C,Y,N,D,1,0,0,0,22350.0,2,40.57427098,-122.38772997,4
2015,2015-06-14,1717,6,2,17,7,Y,A,Y,A,H,A,A,08,,12,D,,,,,C,N,N,A,2,0,0,0,21453.0,2,40.5866927,-122.39042435,3
2015,2015-01-17,1736,1,4,17,6,Y,B,Y,A,H,C,A,01,,03,C,,,,,C,Y,N,A,1,0,0,0,22350.0,2,40.51679917,-122.38147098,4
2015,2015-06-16,1219,6,2,12,2,Y,A,Y,A,H,A,A,01,,03,C,,,,,C,Y,N,A,1,0,0,0,22350.0,2,40.55081955,-122.38745478,4
2015,2015-01-19,1152,1,4,11,1,Y,A,Y,A,H,A,-,,,09,D,,,,,C,Y,N,A,1,0,0,0,21801.0,2,40.53544008,-122.38475072,4
2015,2015-06-28,1752,6,2,17,7,N,A,Y,A,H,A,A,07,E,03,C,,,,,C,Y,N,A,7,0,0,0,22350.0,2,40.6107903,-122.37096109,3
2015,2015-02-05,2204,2,4,22,4,Y,C,Y,B,H,C,A,01,,00,C,,,,,C,Y,N,A,2,0,0,0,22359.0,2,40.57401743,-122.36068839,4
2016,2016-04-03,1935,4,1,19,7,Y,A,Y,A,H,B,A,01,,05,D,,,,,C,Y,N,A,1,0,0,0,21650.0,2,40.43692325,-122.29004811,4
2016,2016-03-17,2317,3,1,23,4,Y,A,Y,A,H,C,-,,,03,C,,,,,C,Y,N,A,1,0,0,0,22350.0,2,40.46449718,-122.32209796,4
2016,2016-02-29,43,2,4,0,1,N,A,N,A,H,C,A,01,E,05,E,,,,,I,Y,N,D,1,0,0,0,21650.0,1,40.44167585,-122.30355173,3
2015,2015-08-17,733,8,2,7,1,N,A,N,A,H,A,D,22,E,01,C,,,,,C,Y,N,A,1,0,0,0,23152.0,2,40.56382,-122.35272035,4
2015,2015-12-04,657,12,4,6,5,Y,B,N,B,H,B,A,01,,09,A,,,,,C,Y,N,A,2,0,0,0,21453.0,2,40.57104992,-122.35805997,3
2015,2015-12-08,945,12,4,9,2,N,B,N,A,H,A,A,07,S,00,D,,,,,C,Y,N,D,1,0,0,0,23153.0,2,40.57372,-122.3914,3
2015,2015-12-13,1338,12,4,13,7,N,B,Y,A,H,A,A,07,N,08,F,,,,,I,Y,N,D,2,0,0,0,22107.0,2,40.58362647,-122.391965,3
2015,2015-12-15,1320,12,4,13,2,N,A,N,A,D,A,A,07,E,03,C,,,,,C,N,N,D,1,0,0,0,22350.0,2,40.57976851,-122.40055576,4
2015,2015-12-12,1719,12,4,17,6,Y,B,N,B,H,C,D,22,,12,D,,,,,C,Y,N,A,1,0,0,0,22450.0,2,40.61632997,-122.35042999,4