ACCIDENT_YEAR,COLLISION_DATE,COLLISION_TIME,MONTH,SEASON,24HOURS,DAY_OF_WEEK,INTERSECTION,WEATHER_1,STATE_HWY_IND,ROAD_SURFACE,ROAD_COND_1,LIGHTING,STWD_VEHTYPE_AT_FAULT,CHP_VEHTYPE_AT_FAULT,DIRECTION,PCF_VIOL_CATEGORY,TYPE_OF_COLLISION,PEDESTRIAN_ACCIDENT,BICYCLE_ACCIDENT,MOTORCYCLE_ACCIDENT,TRUCK_ACCIDENT,MVIW,TOW_AWAY,HIT_AND_RUN,CONTROL_DEVICE,NUMBER_INJURED,COUNT_PED_INJURED,COUNT_BICYCLIST_INJURED,COUNT_MC_INJURED,PCF_VIOLATION,PARTY_COUNT,POINT_Y,POINT_X,COLLISION_SEVERITY
2016,2016-11-09,1445,11,3,14,3,N,A,N,A,H,A,D,22,S,08,E,,,,,I,Y,N,A,2,0,0,0,22107.0,1,40.58891731,-122.47578263,3
2016,2016-11-06,1315,11,3,13,7,N,B,Y,A,H,A,A,01,E,08,F,,,,,A,Y,N,D,1,0,0,0,22107.0,1,,,4
2016,2016-11-13,2150,11,3,21,7,N,A,N,A,H,D,C,02,E,03,E,,,Y,,I,Y,N,D,2,0,0,2,22350.0,1,40.61121066,-122.4538874,2
2016,2016-11-12,800,11,3,8,6,N,C,Y,B,H,A,A,01,N,08,E,,,,,I,Y,N,D,2,0,0,0,22107.0,1,40.56531997,-121.57483657,3
2016,2016-11-11,1330,11,3,13,5,N,B,N,A,H,A,A,01,E,08,B,,,Y,,C,N,N,D,1,0,0,1,22103.0,2,40.39772274,-122.28700017,4
2019,2019-08-05,1340,8,2,13,1,N,A,N,A,H,A,D,22,N,03,C,,,,,C,Y,N,A,1,0,0,0,22350.0,3,40.59328079223633,-122.3583984375,3
2019,2019-08-26,726,8,2,7,1,Y,A,Y,A,H,A,A,01,,03,D,,,,,C,Y,N,A,1,0,0,0,22350.0,2,40.588645935058594,-122.39273834228516,3
2016,2016-10-31,2019,10,3,20,1,N,B,N,B,H,D,D,22,W,01,F,,,,,A,Y,N,D,1,0,0,0,23152.0,1,40.52985487,-122.47550561,3
2019,2019-08-22,801,8,2,8,4,Y,A,N,A,H,A,A,07,,17,A,,,,,C,Y,N,A,2,0,0,0,21451.0,2,40.58414077758789,-122.39614868164062,3
2019,2019-08-20,1508,8,2,15,2,N,A,Y,A,H,A,D,22,E,21,C,,,,,C,N,N,A,1,0,0,0,22106.0,2,40.583717346191406,-122.3891830444336,4
2019,2019-08-09,1400,8,2,14,5,N,A,N,A,H,A,A,01,N,09,C,,,,,C,N,N,D,1,0,0,0,21804.0,3,40.52062225341797,-122.38236236572266,3
2016,2016-11-14,1600,11,3,16,1,N,A,Y,A,H,A,A,01,S,04,C,,,,,C,Y,N,A,1,0,0,0,21703.0,2,40.50551061,-122.33823965,4
2016,2016-11-13,1412,11,3,14,7,Y,A,N,A,H,A,A,07,,09,D,,,Y,,C,Y,N,D,3,0,0,2,21801.0,2,40.44491989,-122.25193991,2
2016,2016-11-16,1721,11,3,17,3,N,A,Y,A,H,C,A,01,E,03,C,,,,,C,Y,N,D,1,0,0,0,22350.0,2,,,4
2016,2016-11-17,658,11,3,6,4,N,A,N,A,H,A,A,01,W,08,E,,,,,I,Y,N,D,1,0,0,0,22107.0,1,40.61603262,-122.49274822,4
2016,2016-11-16,1720,11,3,17,3,N,A,Y,B,H,C,A,01,W,03,C,,,,,C,Y,N,D,1,0,0,0,22350.0,2,40.58575547,-122.36680572,4
2016,2016-11-16,1830,11,3,18,3,N,A,N,A,H,D,A,01,N,03,C,,,,,C,N,N,D,3,0,0,0,22350.0,3,40.48068188,-122.29326,4
2016,2016-11-19,325,11,3,3,6,N,B,Y,B,H,C,D,22,S,01,E,,,,,I,Y,N,D,2,0,0,0,23152.0,1,,,3
2016,2016-11-19,349,11,3,3,6,Y,B,N,B,H,D,A,01,,01,E,,,,,J,Y,N,A,1,0,0,0,23152.0,1,40.53472998,-122.33619995,2
2016,2016-11-21,435,11,3,4,1,N,B,Y,B,H,D,A,01,S,08,E,,,,,I,Y,N,D,2,0,0,0,22107.0,1,40.97587449,-122.43315317,4
2016,2016-11-19,1545,11,3,15,6,N,B,Y,B,H,A,D,22,S,03,E,,,,,I,Y,N,D,2,0,0,0,22350.0,1,41.09178772,-122.35025464,3
2016,2016-11-17,1740,11,3,17,4,N,A,Y,A,H,D,A,07,S,08,F,,,,,A,Y,N,D,1,0,0,0,22107.0,1,40.4118604,-122.28111505,2
2016,2016-11-18,1710,11,3,17,5,N,A,Y,A,H,B,A,01,W,04,C,,,,,C,Y,N,D,2,0,0,0,21703.0,4,40.58563549,-122.36526102,4
2016,2016-11-18,1710,11,3,17,5,N,A,Y,A,H,C,A,01,W,03,C,,,,,C,Y,N,D,1,0,0,0,22350.0,2,40.58576,-122.36696,4
2016,2016-11-27,2350,11,3,23,7,N,C,Y,B,H,D,A,01,,08,E,,,,,I,Y,N,D,1,0,0,0,22107.0,1,40.97587449,-122.43315317,4
2016,2016-11-19,2040,11,3,20,6,N,B,Y,B,H,D,A,01,N,03,E,,,,,I,Y,N,D,2,0,0,0,22350.0,1,40.75939054,-122.31901966,3
2016,2016-11-24,1405,11,3,14,4,N,A,Y,A,H,A,C,06,W,22,F,,,Y,,A,N,N,D,1,0,0,1,,1,40.87811,-122.39357,2
2016,2016-11-25,1234,11,3,12,5,N,B,Y,B,H,A,A,01,W,03,C,,,,,C,N,N,D,1,0,0,0,22350.0,2,40.66732554,-122.18048661,4
2016,2016-11-25,1055,11,3,10,5,N,B,Y,B,H,A,D,22,N,08,D,,,,,C,Y,N,D,1,0,0,0,22107.0,2,40.58570165,-122.36073253,4
2016,2016-11-21,1455,11,3,14,1,N,A,Y,A,H,A,L,04,E,17,D,,Y,,,G,N,N,D,1,0,1,0,21208.0,2,40.88353224,-121.65914493,4
2016,2016-09-19,700,9,3,7,1,N,A,Y,A,H,A,A,01,W,07,A,,,,,C,Y,N,D,1,0,0,0,21658.0,3,40.55904673,-122.24387801,1
2016,2016-11-23,1020,11,3,10,3,N,B,Y,A,H,A,-,- ,N,07,B,,,,Y,C,Y,N,D,1,0,0,0,21658.0,2,40.52487482,-122.34652519,3
2016,2016-11-28,1800,11,3,18,1,N,A,N,A,H,D,N,60,S,11,G,Y,,,,B,N,N,D,1,1,0,0,21954.0,2,40.44198254,-122.24774167,2
2016,2016-11-26,100,11,3,1,6,Y,E,Y,B,H,D,N,60,,11,G,Y,,,,B,Y,N,D,1,1,0,0,21950.0,2,40.49308994,-121.88280994,2
2016,2016-11-25,2110,11,3,21,5,N,B,Y,A,H,D,A,01,N,03,E,,,,,I,Y,N,A,1,0,0,0,22350.0,1,41.11104128,-122.32673424,4
2016,2016-11-30,948,11,3,9,3,N,B,N,B,H,A,A,01,W,09,D,,,,,C,Y,N,D,2,0,0,0,21801.0,3,40.38930408,-122.29504012,2
2016,2016-11-30,1445,11,3,14,3,N,A,N,A,H,A,D,22,E,03,C,,,,,C,Y,N,D,1,0,0,0,22350.0,2,40.55293563,-122.44703037,4
2016,2016-12-08,1100,12,4,11,4,N,B,Y,C,H,A,A,01,E,03,F,,,,,A,N,N,D,1,0,0,0,22350.0,1,,,4
2016,2016-12-08,345,12,4,3,4,N,B,Y,B,H,C,A,01,N,03,E,,,,,I,Y,N,D,1,0,0,0,22350.0,1,40.47035483,-122.30973774,4
2016,2016-12-04,200,12,4,2,7,N,B,N,A,H,C,D,22,N,08,G,Y,,,,B,N,F,D,2,2,0,0,22107.0,3,40.39724376,-122.28075,2
2016,2016-12-07,1850,12,4,18,3,N,C,Y,B,H,C,A,07,N,08,A,,,,Y,C,Y,N,D,1,0,0,0,22107.0,2,,,4
2016,2016-12-08,1602,12,4,16,4,N,B,N,B,H,A,A,01,S,03,A,,,,,C,Y,N,D,3,0,0,0,22350.0,2,40.61614,-122.4271,3
2016,2016-12-08,1548,12,4,15,4,N,B,N,B,H,A,D,22,N,08,E,,,,,I,Y,N,D,2,0,0,0,22107.0,1,,,3
2016,2016-12-02,140,12,4,1,5,N,A,N,A,H,D,A,01,S,01,E,,,,,I,Y,N,D,1,0,0,0,23152.0,1,40.49470091,-122.38655909,4
2016,2016-12-06,1600,12,4,16,2,Y,A,N,A,H,A,A,01,,08,D,,,,,C,Y,N,D,1,0,0,0,22107.0,2,40.62878998,-122.32372986,4
2016,2016-12-04,1705,12,4,17,7,N,A,Y,A,H,A,A,07,W,03,C,,,,,D,Y,N,A,1,0,0,0,22350.0,2,,,4
2016,2016-12-09,1657,12,4,16,5,N,B,Y,B,H,D,A,01,S,04,C,,,,,C,Y,N,D,1,0,0,0,21703.0,2,40.59530981,-122.36080036,4
2016,2016-12-09,1400,12,4,14,5,N,B,Y,B,H,A,A,01,N,07,B,,,,,C,Y,F,D,1,0,0,0,21658.0,2,40.60418232,-122.36097007,3
2016,2016-11-22,1450,11,3,14,2,N,A,Y,A,H,A,J,48,E,08,B,,,,,C,N,N,D,1,0,0,0,22107.0,2,40.52656623,-122.10587177,4
2016,2016-11-30,2300,11,3,23,3,N,A,N,A,H,D,A,07,E,01,F,,,,,A,Y,N,D,1,0,0,0,23152.0,1,40.61260815,-122.45431113,4
2016,2016-12-12,1240,12,4,12,1,N,A,Y,A,H,A,D,22,N,07,B,,,,,C,Y,N,D,1,0,0,0,21658.0,2,40.57719611,-122.36031278,4
2016,2016-09-26,1035,9,3,10,1,N,A,Y,A,H,A,A,01,E,06,A,,,,,C,Y,N,D,1,0,0,0,21751.0,2,40.65225206,-122.21777147,1
2016,2016-12-02,1610,12,4,16,5,N,A,Y,A,H,A,A,01,E,08,E,,,,,I,Y,N,D,1,0,0,0,22107.0,1,40.64823047,-122.22137235,1
2016,2016-10-14,2500,10,3,25,5,Y,C,Y,B,H,C,A,01,,03,E,,,,,I,Y,N,D,0,0,0,0,22350.0,1,40.51410089,-122.03142202,1
2016,2016-12-09,1708,12,4,17,5,N,B,Y,B,H,C,A,01,N,03,C,,,,,C,N,N,D,1,0,0,0,22350.0,3,40.59978005,-122.36081612,4
2016,2016-12-09,1655,12,4,16,5,N,C,Y,B,H,D,A,08,S,04,C,,,,,C,Y,N,D,1,0,0,0,21703.0,3,40.56238447,-122.35878395,4
2016,2016-12-13,1644,12,4,16,2,N,B,Y,B,H,B,A,01,E,01,B,,,,,C,Y,N,D,1,0,0,0,23152.0,2,40.55270601,-122.21028829,4
2016,2016-12-13,2120,12,4,21,2,Y,B,N,B,H,C,A,01,,03,C,,,,,C,N,N,A,1,0,0,0,22350.0,2,40.38932996,-122.28780991,4
2019,2019-08-26,1344,8,2,13,1,N,A,N,-,A,A,A,07,E,09,D,,,Y,,C,N,N,D,1,0,0,1,21801.0,2,40.611087799072266,-122.37004852294922,3
2019,2019-08-16,1730,8,2,17,5,N,A,Y,A,H,A,A,07,E,03,C,,,,,C,N,N,A,1,0,0,0,22350.0,2,40.587787628173835,-122.39193725585938,4
2019,2019-08-14,1027,8,2,10,3,N,A,N,A,H,A,L,04,W,12,H,,Y,,,G,N,N,A,1,0,1,0,21453.0,2,40.587366,-122.393585,3
2019,2019-08-02,1337,8,2,13,5,N,A,Y,A,H,A,A,01,S,03,C,,,,,C,Y,N,A,1,0,0,0,22350.0,2,40.50600051879882,-122.3791961669922,3
2016,2016-12-20,1855,12,4,18,2,N,A,N,A,H,D,A,01,E,01,E,,,,,I,Y,N,D,2,0,0,0,23152.0,1,40.55063995,-122.16888064,2
2016,2016-12-15,1134,12,4,11,4,N,C,Y,B,H,A,A,07,W,03,C,,,,,C,Y,N,D,3,0,0,0,22350.0,3,40.58572998,-122.36668238,3
2016,2016-12-18,1530,12,4,15,7,N,A,N,A,H,A,D,22,N,08,E,,,,,I,Y,N,D,1,0,0,0,22107.0,1,40.6531821,-122.24036,2
2016,2016-12-21,1355,12,4,13,3,Y,A,Y,A,H,A,A,01,,09,D,,,,,C,Y,N,A,2,0,0,0,21802.0,2,,,4
2016,2016-12-22,541,12,4,5,4,N,A,Y,A,H,D,A,01,S,08,E,,,,,I,Y,N,D,1,0,0,0,22107.0,1,40.82548,-122.32464571,3
2016,2016-12-22,818,12,4,8,4,N,A,N,A,H,A,A,01,S,08,E,,,,,I,Y,N,D,1,0,0,0,22107.0,1,40.46070301,-122.40083378,4
2016,2016-12-23,630,12,4,6,5,N,B,Y,C,H,D,A,08,E,03,F,,,,,J,Y,N,D,1,0,0,0,22350.0,1,40.97759287,-121.55306085,3
2016,2016-12-26,905,12,4,9,1,N,A,N,A,H,A,A,01,S,03,C,,,,,C,N,N,A,1,0,0,0,22350.0,2,40.54101694,-122.30279624,4
2016,2016-12-23,1000,12,4,10,5,N,D,Y,C,H,A,A,08,S,03,C,,,,Y,C,Y,N,D,1,0,0,0,22350.0,3,41.16144885,-122.29683806,3
2016,2016-12-02,1042,12,4,10,5,Y,A,N,A,H,A,A,07,,12,D,,,,,C,Y,N,A,2,0,0,0,21453.0,3,40.48026989,-122.29325991,3
2016,2016-11-30,1530,11,3,15,3,N,A,Y,A,H,A,-,- ,N,08,B,,,,,C,Y,N,A,1,0,0,0,22107.0,2,40.47326606,-122.33489866,4
2016,2016-12-23,830,12,4,8,5,N,D,Y,C,H,A,A,07,W,03,E,,,,,I,N,N,D,1,0,0,0,22350.0,1,40.87813155,-121.73321653,4
2016,2016-12-24,1100,12,4,11,6,N,A,Y,B,H,A,I,10,W,03,E,,,,,I,Y,N,D,4,0,0,0,22350.0,1,40.7145,-122.41511,4
2016,2016-12-23,1615,12,4,16,5,N,D,N,C,H,D,D,22,S,03,E,,,,,I,Y,N,D,1,0,0,0,22350.0,1,40.47434694,-121.87534212,3
2016,2016-12-17,1905,12,4,19,6,N,A,N,A,H,C,N,60,S,11,G,Y,,,,B,N,M,D,2,1,0,0,21954.0,2,40.71214899,-122.33369735,2
2016,2016-12-29,1825,12,4,18,4,N,A,Y,B,H,D,A,01,W,08,A,,,,,C,Y,N,D,3,0,0,0,22107.0,2,40.8754437,-121.74088651,3
2016,2016-12-31,1740,12,4,17,6,N,A,N,A,H,D,A,01,N,08,F,,,,,A,Y,N,D,1,0,0,0,22107.0,1,40.67192099,-122.6380001,4
2017,2017-01-01,155,1,4,1,7,Y,B,Y,A,H,D,A,01,,01,E,,,,,I,Y,N,D,1,0,0,0,23152.0,1,40.47804992,-122.43799991,2
2016,2016-12-31,900,12,4,9,6,N,A,Y,C,H,A,D,22,,03,F,,,,,I,Y,N,D,1,0,0,0,22350.0,1,40.36913995,-122.97313991,4
2017,2017-01-03,2157,1,4,21,2,N,C,Y,C,H,D,D,22,N,01,E,,,,,I,Y,M,D,4,0,0,0,23152.0,1,40.92177006,-122.40685402,2
2017,2017-01-06,2245,1,4,22,5,N,B,N,A,H,D,D,22,S,01,E,,,,,J,Y,N,D,2,0,0,0,23152.0,1,40.56202763,-122.23572246,2
2017,2017-01-02,1635,1,4,16,1,N,B,Y,C,H,B,A,07,E,03,B,,,,,C,Y,N,D,3,0,0,0,22350.0,2,,,3
2017,2017-01-10,1330,1,4,13,2,N,C,N,B,H,A,A,01,E,03,F,,,,,A,Y,N,D,1,0,0,0,22350.0,1,40.49857893,-122.32373364,4
2017,2017-01-08,1915,1,4,19,7,N,B,Y,B,H,D,D,22,N,01,E,,,,,I,Y,N,D,1,0,0,0,23152.0,1,40.58656094,-122.36044,3
2017,2017-01-11,1455,1,4,14,3,N,C,Y,B,H,A,A,01,W,08,A,,,,,C,Y,N,D,2,0,0,0,22107.0,2,40.51497457,-122.04482477,2
2017,2017-01-13,1222,1,4,12,5,N,A,N,B,H,A,A,07,E,08,E,,,,,I,Y,N,D,2,0,0,0,22107.0,1,40.85625428,-122.31898419,3
2017,2017-01-18,800,1,4,8,3,Y,B,N,B,H,A,D,22,,03,C,,,,,C,Y,N,D,2,0,0,0,22350.0,2,40.53746999,-122.30277992,4
2017,2017-01-17,1122,1,4,11,2,N,B,Y,A,H,A,D,22,W,05,B,,,,Y,C,Y,N,D,1,0,0,0,21650.0,2,,,4
2017,2017-01-18,2245,1,4,22,3,N,B,N,B,H,D,-,- ,E,18,H,,,,,H,N,N,D,1,0,0,0,,1,40.55063995,-122.16888064,4
2016,2016-12-26,817,12,4,8,1,N,B,N,A,H,A,A,07,W,21,G,Y,,,,B,N,N,D,1,1,0,0,22106.0,2,40.51171836,-122.52125673,2
2017,2017-01-20,2314,1,4,23,5,N,B,Y,B,H,D,D,22,N,08,E,,,,,I,Y,N,D,1,0,0,0,22107.0,2,40.52162398,-122.34555191,4
2017,2017-01-22,1933,1,4,19,7,N,B,Y,C,G,D,A,01,N,03,E,,,,,I,Y,N,D,1,0,0,0,22350.0,2,40.45225874,-122.29170675,4
2017,2017-01-22,1935,1,4,19,7,N,B,Y,C,G,D,D,22,N,03,B,,,,,D,Y,N,D,2,0,0,0,22350.0,4,40.45239074,-122.29182038,4
2016,2016-12-26,1345,12,4,13,1,N,A,Y,A,D,A,A,01,E,03,G,Y,,,,B,Y,N,A,1,1,0,0,22350.0,2,40.77794614,-121.98785162,2
2017,2017-01-26,1228,1,4,12,4,Y,A,N,A,H,A,D,22,,09,D,,,,,C,Y,N,D,1,0,0,0,21802.0,2,40.64446989,-122.39726992,4
2017,2017-01-20,1510,1,4,15,5,N,C,Y,B,H,A,D,22,,04,C,,,,,C,Y,N,A,1,0,0,0,21703.0,3,,,4
2017,2017-01-27,1305,1,4,13,5,N,A,Y,A,H,A,D,22,E,08,D,,,,,C,Y,N,D,1,0,0,0,22105.0,2,40.87678909,-121.67804493,4
2017,2017-01-23,730,1,4,7,1,Y,B,N,B,H,A,D,22,,03,B,,,,,C,Y,M,A,1,0,0,0,22350.0,3,40.53636006,-122.34432992,4
2017,2017-01-28,105,1,4,1,6,N,A,Y,A,H,C,A,01,W,01,E,,,,,I,Y,N,D,1,0,0,0,23152.0,1,40.63978164,-122.2341639,4
2017,2017-01-22,936,1,4,9,7,N,B,Y,B,H,A,A,01,N,08,E,,,,,I,Y,N,A,2,0,0,0,22107.0,1,40.75520674,-122.32154374,3
2017,2017-01-22,1458,1,4,14,7,N,C,Y,B,H,A,A,01,N,03,E,,,,,I,Y,N,D,1,0,0,0,22350.0,1,40.94116383,-122.43085758,4
2017,2017-01-29,2320,1,4,23,7,N,A,N,A,H,D,A,01,E,01,E,,,,,I,Y,M,D,1,0,0,0,23152.0,1,40.56527603,-122.21807063,3
2017,2017-02-02,1740,2,4,17,4,N,B,Y,B,H,C,A,01,N,03,C,,,,,C,Y,N,A,2,0,0,0,22350.0,2,40.57329,-122.36091,4
2017,2017-02-01,1740,2,4,17,3,N,A,Y,A,H,A,F,25,N,08,F,,,,Y,J,Y,N,D,1,0,0,0,22107.0,1,40.69795223,-121.41811091,4
2017,2017-02-03,56,2,4,0,5,N,C,N,B,H,D,A,01,W,03,E,,,,,I,Y,N,D,1,0,0,0,22350.0,1,40.63636845,-122.24398178,3
2017,2017-02-03,1915,2,4,19,5,N,C,Y,B,B,D,G,25,S,03,C,,,,Y,E,Y,N,D,1,0,0,0,22350.0,2,40.74939101,-122.31766138,4
2017,2017-02-05,1755,2,4,17,7,N,C,Y,B,G,D,D,22,E,03,E,,,,,J,Y,N,D,1,0,0,0,22350.0,1,,,4
2017,2017-02-07,740,2,4,7,2,N,B,N,B,H,A,A,01,W,08,E,,,,,I,Y,N,D,1,0,0,0,22107.0,1,40.54931656,-122.17595536,3
2017,2017-01-24,831,1,4,8,2,N,A,Y,B,H,A,A,07,W,07,B,,,,,C,N,N,A,1,0,0,0,21658.0,2,40.58592178,-122.36771963,4
2017,2017-01-31,850,1,4,8,2,Y,A,N,A,H,A,A,01,,12,D,,,,,C,Y,N,A,1,0,0,0,22450.0,2,40.55628697,-122.23841608,3
2017,2017-02-04,855,2,4,8,6,N,C,Y,B,H,A,E,22,N,17,E,,,,,I,Y,N,D,1,0,0,0,21711.0,1,40.75977081,-122.3189894,4
2017,2017-02-10,1630,2,4,16,5,N,C,Y,B,H,D,D,22,E,03,E,,,,,I,Y,N,D,1,0,0,0,22350.0,1,40.57226921,-121.57177316,4
2017,2017-02-10,1810,2,4,18,5,N,D,Y,C,H,D,A,01,W,08,E,,,,,I,Y,N,D,2,0,0,0,22107.0,1,40.51719125,-121.69922754,2
2017,2017-02-02,1710,2,4,17,4,N,C,Y,B,H,C,A,01,W,03,B,,,,,C,Y,M,D,2,0,0,0,22350.0,5,40.58570389,-122.36632354,2
2017,2017-02-03,1535,2,4,15,5,N,B,N,B,H,A,A,01,S,03,A,,,,,C,Y,N,D,3,0,0,0,22350.0,2,40.43721,-122.28313,2
2017,2017-02-11,320,2,4,3,6,N,A,Y,C,H,D,A,07,E,01,F,,,,,A,Y,N,D,1,0,0,0,23152.0,1,40.51871516,-121.68205416,3
2017,2017-02-16,710,2,4,7,4,N,B,N,A,H,A,A,01,E,03,C,,,,,C,N,F,A,1,0,0,0,22350.0,2,40.38933,-122.28777409,4
2017,2017-02-19,1615,2,4,16,7,N,C,N,B,H,A,A,01,E,08,E,,,,,I,Y,N,D,1,0,0,0,22107.0,1,40.51936281,-122.49957604,4
2017,2017-02-20,1820,2,4,18,1,N,C,N,B,H,D,A,01,W,08,E,,,,,I,Y,N,D,2,0,0,0,22107.0,1,40.5639836,-122.24726282,4
2017,2017-01-08,1240,1,4,12,7,N,C,Y,B,H,A,A,01,E,08,E,,,,,I,Y,N,D,0,0,0,0,22107.0,1,40.50851848,-122.00964029,1
2017,2017-02-23,1800,2,4,18,4,N,A,N,A,H,D,C,02,E,01,F,,,Y,,A,N,N,D,1,0,0,1,23152.0,1,40.70757711,-122.25628517,2
2017,2017-02-23,1710,2,4,17,4,N,A,N,A,H,A,A,01,N,06,A,,,,,C,Y,N,D,2,0,0,0,21755.0,2,40.53581276,-122.30280828,3
2017,2017-02-24,1448,2,4,14,5,N,A,N,A,H,A,D,22,W,03,C,,,,,C,Y,N,D,2,0,0,0,22350.0,2,40.58904,-122.30487691,3
2017,2017-02-24,1120,2,4,11,5,N,A,Y,A,D,A,A,01,N,03,C,,,,Y,C,Y,N,A,1,0,0,0,22350.0,2,40.48172861,-122.34702028,3
2017,2017-02-25,1905,2,4,19,6,N,A,Y,A,H,D,A,01,N,03,C,,,,,C,N,N,D,1,0,0,0,22350.0,2,40.59562729,-122.36077,4
2017,2017-02-21,1413,2,4,14,2,N,B,N,A,H,A,D,22,S,05,G,Y,,,,B,N,N,D,0,0,0,0,21650.0,2,40.87674584,-121.67439886,1
2017,2017-02-18,1510,2,4,15,6,Y,B,N,A,H,A,A,01,,12,D,,,,,C,Y,N,A,5,0,0,0,21453.0,2,40.38930394,-122.28677094,2
2017,2017-02-19,143,2,4,1,7,N,B,Y,A,H,C,A,01,N,01,E,,,,,I,Y,N,D,1,0,0,0,23152.0,1,40.58090358,-122.36036537,3
2017,2017-02-25,1308,2,4,13,6,N,A,Y,A,H,A,A,01,W,08,E,,,,,J,Y,N,D,1,0,0,0,22107.0,1,40.63480481,-122.56206645,4
2017,2017-02-27,230,2,4,2,1,N,A,N,A,H,D,A,01,W,08,F,,,,,A,Y,N,D,1,0,0,0,22107.0,1,40.44382112,-122.65379182,3
2017,2017-02-25,1020,2,4,10,6,N,A,N,A,H,A,A,01,S,08,E,,,,,I,Y,N,A,1,0,0,0,22107.0,1,40.64740449,-122.32882841,3
2017,2017-03-01,805,3,1,8,3,N,A,Y,A,H,A,A,01,S,03,C,,,,,C,Y,N,D,2,0,0,0,22350.0,4,40.50362985,-122.33650483,4
2017,2017-03-05,945,3,1,9,7,Y,B,Y,A,H,A,D,22,,03,C,,,,,C,Y,N,A,1,0,0,0,22350.0,2,40.49458007,-122.36614356,4
2017,2017-03-04,1940,3,1,19,6,N,C,Y,B,H,D,D,22,E,01,E,,,,,I,Y,N,D,1,0,0,0,23152.0,1,40.71673637,-122.08373911,3
2017,2017-03-04,130,3,1,1,6,N,A,N,A,H,D,A,07,W,00,E,,,,,I,Y,N,D,2,0,0,0,22017.0,1,40.56741,-122.20207267,3
2017,2017-03-04,125,3,1,1,6,Y,B,N,A,H,D,C,02,,01,F,,,Y,,A,Y,N,D,1,0,0,1,23152.0,1,40.47646997,-122.24134994,2
2017,2017-03-07,710,3,1,7,2,N,C,Y,B,H,A,A,07,W,08,E,,,,,I,Y,N,D,1,0,0,0,22107.0,1,40.74105426,-122.07128482,3
2017,2017-03-07,1150,3,1,11,2,Y,B,N,A,H,A,A,01,,05,A,,,,,C,Y,M,A,1,0,0,0,21460.0,2,40.56387994,-122.27224998,4
2017,2017-03-12,1810,3,1,18,7,N,A,N,A,H,A,A,01,W,09,A,,,Y,,C,Y,N,D,1,0,0,1,21801.0,2,40.38926,-122.31302832,3
2017,2017-03-10,1204,3,1,12,5,N,A,Y,A,H,A,A,07,W,08,E,,,,,J,Y,N,D,1,0,0,0,22107.0,1,40.74635879,-122.0622479,3
2017,2017-03-13,1115,3,1,11,1,N,A,Y,A,H,A,C,02,S,08,F,,,Y,,I,Y,N,A,1,0,0,1,22107.0,1,40.68266418,-122.34739205,4
2017,2017-03-08,1824,3,1,18,3,N,A,Y,A,H,B,A,01,S,04,C,,,,,C,Y,N,D,1,0,0,0,21703.0,2,40.38134584,-122.28502871,4
2017,2017-03-07,2258,3,1,22,2,N,C,N,B,H,D,A,01,W,01,E,,,,,I,Y,N,D,1,0,0,0,23152.0,1,40.3882269,-122.45852733,3
2017,2017-03-17,1300,3,1,13,5,N,A,N,A,H,A,C,02,N,08,F,,,Y,,A,Y,N,D,1,0,0,1,22107.0,1,40.39974134,-122.52049,3
2017,2017-03-16,1535,3,1,15,4,N,A,Y,A,H,A,A,01,W,03,C,,,,,C,Y,N,D,1,0,0,0,22350.0,3,,,4
2017,2017-03-15,730,3,1,7,3,N,B,N,A,H,A,D,22,E,08,E,,,,,I,Y,N,A,1,0,0,0,22107.0,1,40.68863962,-122.28021242,4
2017,2017-03-12,1555,3,1,15,7,N,A,Y,A,H,A,C,02,W,03,E,,,Y,,I,N,N,D,2,0,0,2,22350.0,1,,,3
2017,2017-03-14,1110,3,1,11,2,Y,A,N,A,H,A,D,22,,03,D,,,,,C,Y,N,D,1,0,0,0,22350.0,2,40.46006988,-122.40143987,2
2017,2017-03-21,850,3,1,8,2,N,B,Y,B,H,A,A,01,N,08,E,,,,,I,Y,N,D,1,0,0,0,22107.0,1,40.47009304,-122.30908303,4
2017,2017-03-22,1515,3,1,15,3,N,A,Y,B,H,A,C,02,E,03,E,,,Y,,I,Y,N,D,1,0,0,1,22350.0,1,40.73010392,-122.07636946,2
2017,2017-03-22,15,3,1,0,3,N,B,Y,B,H,D,A,01,W,01,E,,,,,I,Y,N,D,2,0,0,0,23152.0,1,40.65566668,-122.70117336,4
2017,2017-03-23,1155,3,1,11,4,Y,B,N,A,H,A,B,01,,09,D,,,,,C,Y,N,A,1,0,0,0,21802.0,2,40.48861996,-122.39365991,4
2017,2017-03-21,1055,3,1,10,2,Y,B,N,A,H,A,A,08,,03,C,,,,,C,N,N,D,2,0,0,0,22350.0,2,40.46785,-122.31184994,4
2017,2017-03-22,1800,3,1,18,3,N,B,Y,B,H,A,D,22,S,08,F,,,,,A,Y,N,D,1,0,0,0,22107.0,1,40.42261492,-122.28272631,3
2017,2017-03-22,1540,3,1,15,3,N,D,Y,C,H,A,A,01,W,03,E,,,,,I,Y,N,D,2,0,0,0,22350.0,1,40.53269533,-121.62814199,3
2019,2019-08-06,1712,8,2,17,2,N,A,N,A,H,A,A,01,S,10,G,Y,,,,B,N,N,A,1,1,0,0,21950.0,2,40.5717658996582,-122.37712097167967,4
2019,2019-08-13,851,8,2,8,2,Y,A,N,A,H,A,A,01,,09,D,,,,,C,Y,N,A,1,0,0,0,21802.0,2,40.58081817626953,-122.39633178710938,3
2019,2019-08-14,1910,8,2,19,3,N,A,N,A,H,A,A,01,N,03,C,,,,,C,N,M,D,1,0,0,0,22350.0,2,40.5666389465332,-122.3394012451172,4