ACCIDENT_YEAR,COLLISION_DATE,COLLISION_TIME,MONTH,SEASON,24HOURS,DAY_OF_WEEK,INTERSECTION,WEATHER_1,STATE_HWY_IND,ROAD_SURFACE,ROAD_COND_1,LIGHTING,STWD_VEHTYPE_AT_FAULT,CHP_VEHTYPE_AT_FAULT,DIRECTION,PCF_VIOL_CATEGORY,TYPE_OF_COLLISION,PEDESTRIAN_ACCIDENT,BICYCLE_ACCIDENT,MOTORCYCLE_ACCIDENT,TRUCK_ACCIDENT,MVIW,TOW_AWAY,HIT_AND_RUN,CONTROL_DEVICE,NUMBER_INJURED,COUNT_PED_INJURED,COUNT_BICYCLIST_INJURED,COUNT_MC_INJURED,PCF_VIOLATION,PARTY_COUNT,POINT_Y,POINT_X,COLLISION_SEVERITY
2019,2019-12-18,1717,12,4,17,3,N,B,Y,B,H,D,A,08,S,00,B,,,,,C,N,N,D,1,0,0,0,22017.0,2,40.6954231262207,-122.34376525878906,4
2019,2019-12-13,101,12,4,1,5,N,B,Y,B,H,D,A,01,E,08,E,,,,,I,Y,N,D,1,0,0,0,22107.0,1,40.656192779541016,-122.70121002197266,3
2019,2019-12-13,2255,12,4,22,5,N,B,Y,B,H,D,A,01,E,01,D,,,,,C,Y,N,D,1,0,0,0,23152.0,2,,,3
2019,2019-12-20,257,12,4,2,5,N,B,Y,B,H,D,A,01,N,01,E,,,,,I,Y,N,D,1,0,0,0,23152.0,1,40.8260498046875,-122.32463836669922,3
2019,2019-12-22,923,12,4,9,7,N,B,Y,C,H,A,A,07,W,08,E,,,,,I,N,N,D,1,0,0,0,22107.0,1,40.85231399536133,-121.7687530517578,4
2019,2019-12-23,1035,12,4,10,1,N,A,Y,B,H,A,D,22,E,05,A,,,,,C,Y,N,D,2,0,0,0,21650.0,2,40.493194580078125,-121.88197326660156,3
2019,2019-12-26,1815,12,4,18,4,N,A,Y,A,H,C,-,- ,N,18,E,,,,,I,Y,N,D,1,0,0,0,,1,41.083778381347656,-122.35243988037108,4
2019,2019-08-31,1338,8,2,13,6,N,A,Y,A,H,A,C,02,W,08,A,,,Y,,C,Y,N,D,2,0,0,0,22107.0,2,40.656986236572266,-122.69937133789062,1
2019,2019-12-24,2040,12,4,20,2,N,C,Y,B,H,D,A,07,N,03,E,,,,,I,Y,N,D,1,0,0,0,22350.0,1,41.15137100219727,-122.3036651611328,2
2019,2019-12-24,2041,12,4,20,2,N,C,Y,B,H,D,-,- ,N,18,A,,,,Y,C,Y,N,D,3,0,0,0,,2,41.15137100219727,-122.3036651611328,2
2019,2019-12-17,803,12,4,8,2,N,B,N,C,H,A,D,22,N,08,E,,,,,I,Y,N,D,0,0,0,0,22107.0,1,40.91683197021485,-121.91631317138672,1
2019,2019-11-16,1002,11,3,10,6,N,A,Y,A,H,A,A,07,S,08,E,,,,,I,Y,N,D,1,0,0,0,22107.0,1,40.82983016967773,-121.51331329345705,1
2019,2019-12-16,805,12,4,8,1,N,A,Y,A,H,A,A,08,S,03,C,,,,Y,C,Y,N,D,1,0,0,0,22350.0,2,40.87785720825195,-122.37471771240234,2
2019,2019-12-23,1722,12,4,17,1,N,A,Y,A,H,A,A,07,N,03,C,,,,,C,Y,N,D,1,0,0,0,22350.0,3,40.57646942138672,-122.3603057861328,4
2019,2019-12-25,1310,12,4,13,3,N,B,Y,B,H,A,A,01,E,08,E,,,,,I,Y,N,D,1,0,0,0,22107.0,1,40.6324577331543,-122.26408386230467,3
2019,2019-12-25,905,12,4,9,3,N,B,N,B,H,A,A,01,W,03,E,,,,,I,Y,N,D,1,0,0,0,22350.0,1,40.48937225341797,-122.4117431640625,4
2020,2020-01-01,1540,1,4,15,3,N,B,Y,A,D,A,A,01,S,08,E,,,,,I,Y,N,D,1,0,0,0,22107.0,1,40.450340270996094,-122.2900390625,4
2019,2019-12-26,1130,12,4,11,4,N,A,Y,C,H,A,D,22,W,03,F,,,,,A,Y,N,D,1,0,0,0,22350.0,1,,,4
2019,2019-09-13,233,9,3,2,5,N,A,Y,A,H,D,D,22,S,01,A,,,,,C,Y,N,D,1,0,0,0,23152.0,2,40.95600128173828,-122.43515777587892,1
2019,2019-12-30,2015,12,4,20,1,Y,A,Y,A,H,D,D,22,,01,C,,,,Y,C,Y,N,D,1,0,0,0,23152.0,2,40.892669677734375,-121.6503448486328,3
2020,2020-01-01,855,1,4,8,3,N,B,Y,C,H,A,A,01,E,08,E,,,,,I,Y,N,D,1,0,0,0,22107.0,1,40.55760955810546,-121.57753753662108,4
2019,2019-11-24,2500,11,3,25,7,N,A,Y,A,H,D,A,01,S,08,E,,,,,I,Y,N,D,0,0,0,0,22107.0,1,40.58242034912109,-122.35832214355467,1
2019,2019-12-20,825,12,4,8,5,N,B,N,B,H,A,A,01,N,05,A,,,,,C,Y,N,D,2,0,0,0,21460.0,2,40.677154541015625,-122.24301147460938,2
2020,2020-01-07,1115,1,4,11,2,Y,A,Y,A,H,A,D,22,,09,D,,,,,C,Y,N,A,3,0,0,0,21802.0,2,40.88127136230469,-121.67250061035156,4
2020,2020-01-11,2333,1,4,23,6,N,A,Y,C,H,D,A,01,E,08,E,,,,,I,Y,N,D,1,0,0,0,22107.0,1,40.539108276367195,-121.59085083007812,4
2019,2019-12-21,1023,12,4,10,6,N,B,Y,A,H,A,A,01,W,05,B,,,,,C,Y,N,D,2,0,0,0,21460.0,3,40.55910873413086,-122.27985382080078,1
2020,2020-01-09,227,1,4,2,4,N,C,Y,B,H,D,G,25,N,21,F,,,,Y,A,Y,N,D,1,0,0,0,22106.0,1,41.110164642333984,-122.32745361328124,3
2019,2019-02-18,1730,2,4,17,1,N,A,N,A,H,B,D,22,N,08,E,,,,,I,Y,N,D,2,0,0,0,22107.0,1,40.72042846679688,-122.23914337158205,2
2020,2020-01-14,850,1,4,8,2,N,A,Y,C,H,A,D,23,W,08,E,,,,,I,Y,N,D,1,0,0,0,22107.0,1,40.958511352539055,-121.58303833007812,4
2019,2019-08-20,2258,8,2,22,2,N,A,N,A,H,C,A,01,N,01,E,,,,,I,Y,N,D,0,0,0,0,23152.0,1,40.458599090576165,-122.2448501586914,1
2020,2020-01-01,1915,1,4,19,3,N,A,N,A,H,D,E,22,N,01,E,,,,,I,Y,N,D,2,0,0,0,23152.0,1,40.52849578857422,-122.33372497558594,2
2020,2020-01-10,1815,1,4,18,5,N,B,N,A,H,D,A,01,N,01,B,,,,,C,Y,N,D,1,0,0,0,23152.0,2,,,3
2020,2020-01-10,2225,1,4,22,5,Y,B,Y,B,H,D,A,08,,01,E,,,,,I,Y,N,A,1,0,0,0,23152.0,1,40.514114379882805,-122.03163146972656,2
2020,2020-01-10,1305,1,4,13,5,N,B,Y,C,H,A,D,22,W,03,E,,,,,I,Y,N,D,1,0,0,0,22350.0,1,40.658401489257805,-121.34130859375,3
2020,2020-01-11,1510,1,4,15,6,N,A,Y,A,H,A,A,07,E,08,D,,,,,C,Y,N,D,1,0,0,0,22107.0,2,40.61463928222656,-122.5190200805664,4
2020,2020-01-15,1940,1,4,19,3,Y,B,N,A,D,C,-,99,,09,D,,,,,C,Y,F,A,1,0,0,0,21801.0,2,40.38930130004882,-122.29025268554688,4
2020,2020-01-15,1550,1,4,15,3,N,B,N,A,H,A,A,08,N,03,C,,,,,C,Y,N,D,1,0,0,0,22350.0,2,40.581439971923835,-122.23890686035156,4
2020,2020-01-16,1910,1,4,19,4,N,B,N,B,H,D,D,22,N,05,E,,,,,I,Y,N,D,1,0,0,0,21650.0,1,40.404800415039055,-122.28852081298828,3
2020,2020-01-20,1545,1,4,15,1,N,A,N,C,H,A,A,01,N,03,G,Y,,,,B,N,F,D,1,1,0,0,22350.0,2,,,3
2019,2019-09-22,2500,9,3,25,7,N,A,Y,A,H,A,A,01,W,01,E,,,,,I,Y,N,D,0,0,0,0,23152.0,1,40.561389923095696,-122.25374603271484,1
2020,2020-01-18,25,1,4,0,6,N,B,N,A,H,D,A,07,N,01,E,,,,,I,Y,N,D,1,0,0,0,23152.0,1,40.52831268310546,-122.3337173461914,3
2020,2020-01-21,1605,1,4,16,2,N,C,Y,B,H,A,D,22,E,01,A,,,,,C,Y,N,D,3,0,0,0,23152.0,2,40.49276351928711,-121.88512420654295,2
2020,2020-01-21,605,1,4,6,2,N,B,N,B,H,D,A,08,E,08,E,,,,,I,Y,N,D,1,0,0,0,22107.0,1,40.67182159423828,-122.31885528564452,4
2020,2020-01-21,703,1,4,7,2,N,B,N,B,H,B,A,01,E,08,E,,,,,E,Y,N,D,1,0,0,0,22107.0,2,40.67182159423828,-122.31885528564452,4
2019,2019-12-26,555,12,4,5,4,N,A,N,C,H,D,A,01,N,03,E,,,,,I,Y,N,D,1,0,0,0,22350.0,1,40.70922470092773,-121.96499633789062,3
2020,2020-04-16,1745,4,1,17,4,N,A,N,A,H,A,A,01,W,09,D,,,,,C,Y,N,D,1,0,0,0,21801.0,2,40.43309783935546,-122.2905731201172,3
2020,2020-01-25,2140,1,4,21,6,N,C,Y,B,H,D,D,22,N,01,E,,,,Y,I,Y,N,A,1,0,0,0,23152.0,2,41.1513786315918,-122.30378723144533,4
2020,2020-01-25,1400,1,4,14,6,N,B,Y,A,H,A,A,01,N,08,E,,,,,I,Y,N,D,2,0,0,0,22107.0,1,40.87850189208984,-121.56204223632812,3
2020,2020-01-29,756,1,4,7,3,Y,A,Y,A,H,A,-,- ,,00,D,,,,,C,N,N,A,1,0,0,0,,2,40.64084243774414,-122.23202514648438,4
2020,2020-01-30,1555,1,4,15,4,Y,A,N,A,B,A,C,03,,03,F,,,Y,,A,N,N,D,1,0,0,1,22350.0,1,40.550702,-122.23379,2
2020,2020-01-27,2100,1,4,21,1,N,A,N,A,H,D,A,01,E,08,E,,,,,I,Y,N,D,1,0,0,0,22107.0,1,,,2
2020,2020-02-02,1055,2,4,10,7,N,B,Y,C,H,A,A,01,E,03,B,,,,Y,C,Y,N,D,1,0,0,0,22350.0,2,40.66632461547852,-121.35755157470705,4
2020,2020-02-02,2304,2,4,23,7,N,A,Y,A,H,D,A,01,N,01,E,,,,,I,Y,M,D,1,0,0,0,23152.0,1,40.45801162719727,-122.29766082763672,4
2020,2020-02-01,1655,2,4,16,6,Y,B,N,A,H,A,A,01,,03,D,,,,,C,Y,N,D,3,0,0,0,22350.0,2,40.47072982788086,-122.45462799072266,3
2020,2020-01-26,1507,1,4,15,7,N,B,Y,A,H,A,A,07,E,01,B,,,,,C,Y,N,D,1,0,0,0,23152.0,3,40.62939834594727,-122.54940032958984,3
2019,2019-11-11,1700,11,3,17,1,N,A,Y,A,H,B,A,01,E,01,E,,,,,I,Y,N,D,0,0,0,0,23152.0,3,40.57689666748047,-122.33273315429688,1
2020,2020-02-08,2215,2,4,22,6,N,A,N,A,H,D,A,01,S,01,E,,,,,I,Y,N,D,1,0,0,0,23152.0,1,40.50008392333984,-121.90504455566406,3
2020,2020-02-11,935,2,4,9,2,N,A,N,A,H,A,D,22,W,01,E,,,,,I,Y,N,D,1,0,0,0,23152.0,1,40.38930892944336,-122.2978515625,2
2020,2020-02-14,1530,2,4,15,5,N,A,N,A,H,A,A,01,N,04,C,,,,,C,N,N,A,3,0,0,0,21703.0,3,40.56448745727539,-122.23866271972656,4
2020,2020-02-14,1440,2,4,14,5,N,A,Y,A,H,A,A,01,W,08,B,,,,,C,Y,N,D,1,0,0,0,22107.0,2,40.55828857421875,-122.23918151855467,4
2020,2020-02-18,1115,2,4,11,2,N,A,Y,A,H,A,C,02,E,03,C,,,Y,,C,Y,N,D,1,0,0,1,22350.0,2,40.85228729248047,-121.76032257080078,3
2020,2020-02-13,1711,2,4,17,4,N,A,N,A,H,A,D,22,E,03,E,,,,,I,Y,N,A,1,0,0,0,22350.0,1,40.39659118652344,-122.27387237548828,2
2020,2020-02-18,2005,2,4,20,2,N,A,N,A,H,D,A,07,N,08,E,,,,,I,N,N,B,1,0,0,0,22107.0,1,40.86593627929688,-122.39554595947266,3
2020,2020-02-21,1705,2,4,17,5,N,A,N,A,H,A,D,22,S,09,D,,,,,C,N,N,D,5,0,0,0,21801.0,2,40.59003448486328,-122.23906707763672,3
2020,2020-02-25,800,2,4,8,2,N,A,N,A,H,A,A,01,N,08,E,,,,,I,Y,N,D,3,0,0,0,22107.0,1,40.46073532104492,-122.40079498291016,3
2020,2020-02-17,1835,2,4,18,1,N,A,N,A,H,D,A,01,E,08,E,,,,,I,Y,N,D,1,0,0,0,22107.0,1,40.56700897216797,-122.20533752441406,3
2020,2020-02-21,1715,2,4,17,5,N,A,Y,A,H,A,E,22,N,08,B,,,,,C,N,N,D,1,0,0,0,22107.0,2,40.498191833496094,-122.37139892578124,3
2020,2020-02-22,1705,2,4,17,6,Y,A,N,A,B,B,C,02,,03,F,,,Y,,A,N,N,D,1,0,0,1,22350.0,1,40.50902938842773,-122.44676971435548,2
2020,2020-02-25,1705,2,4,17,2,N,A,Y,A,H,A,A,01,E,01,D,,,,,D,Y,N,D,1,0,0,0,23152.0,2,40.586441040039055,-122.3771743774414,3
2020,2020-02-25,1530,2,4,15,2,Y,A,N,A,H,A,A,01,,09,D,,,,,C,Y,N,A,3,0,0,0,21802.0,2,40.48862075805664,-122.39366149902344,4
2020,2020-02-27,1435,2,4,14,4,N,A,Y,A,H,A,A,07,W,08,E,,,,,I,Y,N,D,1,0,0,0,22107.0,1,40.634674072265625,-122.56178283691406,3
2020,2020-02-27,1825,2,4,18,4,N,A,Y,A,H,D,-,- ,W,18,H,,,Y,,H,Y,N,D,2,0,0,2,,1,40.49515151977539,-121.86688232421876,2
2020,2020-02-25,1650,2,4,16,2,N,A,N,A,H,A,D,22,W,08,F,,,,,A,Y,N,D,1,0,0,0,22107.0,1,40.59967803955078,-122.28475189208984,3
2020,2020-02-27,1605,2,4,16,4,N,A,N,A,H,A,A,07,S,03,F,,,,,A,Y,N,D,1,0,0,0,22350.0,1,40.623722076416016,-122.466064453125,3
2020,2020-02-28,1958,2,4,19,5,N,A,Y,A,H,D,A,07,W,08,E,,,,,J,Y,N,D,1,0,0,0,22107.0,1,40.6362419128418,-122.24929809570312,3
2020,2020-03-01,1637,3,1,16,7,Y,A,Y,A,H,A,A,01,,03,C,,,,,C,Y,N,D,2,0,0,0,22350.0,2,40.63053131103516,-122.27329254150392,3
2020,2020-03-01,5,3,1,0,7,N,A,Y,A,H,D,D,22,E,05,A,,,,,C,Y,F,D,4,0,0,0,21460.0,2,40.5884895324707,-122.45762634277344,2
2020,2020-02-27,1611,2,4,16,4,N,A,Y,A,H,A,A,07,S,01,E,,,,,I,Y,N,D,1,0,0,0,23152.0,1,40.6109504699707,-122.36521911621094,3
2020,2020-02-29,1833,2,4,18,6,N,A,N,A,H,D,A,01,E,05,A,,,,,C,Y,N,D,1,0,0,0,21460.0,2,40.563831329345696,-122.23367309570312,2
2020,2020-03-01,25,3,1,0,7,N,A,Y,A,H,D,D,22,W,08,F,,,,,I,Y,N,D,1,0,0,0,22107.0,1,40.74617767333984,-122.0624542236328,2
2020,2020-03-02,1850,3,1,18,1,N,A,Y,A,H,D,E,22,N,08,F,,,,,I,Y,N,D,1,0,0,0,22107.0,1,,,3
2020,2020-03-04,1340,3,1,13,3,N,A,N,A,H,A,A,01,E,08,E,,,,,I,Y,N,D,1,0,0,0,22107.0,1,40.482208251953125,-122.57592010498048,3
2020,2020-03-06,732,3,1,7,5,N,B,Y,A,H,A,A,07,E,08,E,,,,,I,Y,N,D,1,0,0,0,22107.0,1,41.010860443115234,-121.43482208251952,2
2020,2020-03-04,1611,3,1,16,3,N,A,N,A,H,A,D,22,N,09,A,,,,,C,Y,N,D,1,0,0,0,21801.0,2,40.62141799926758,-122.31893920898438,3
2020,2020-03-04,304,3,1,3,3,N,A,N,A,H,D,D,22,N,01,E,,,,,I,Y,N,D,1,0,0,0,23152.0,1,,,4
2020,2020-03-10,2208,3,1,22,2,N,A,N,A,H,D,A,07,,08,E,,,,,I,Y,N,A,1,0,0,0,22107.0,1,40.44491958618164,-122.25193786621094,2
2020,2020-03-13,705,3,1,7,5,N,A,N,A,H,A,A,01,W,03,C,,,,,C,N,N,A,2,0,0,0,22350.0,2,40.38930130004882,-122.29035949707033,3
2020,2020-03-14,1115,3,1,11,6,N,B,N,A,H,A,A,01,W,09,D,,,,,C,N,N,D,1,0,0,0,21801.0,2,40.4394416809082,-122.40792083740234,4
2020,2020-03-12,745,3,1,7,4,N,A,Y,A,H,A,A,01,W,03,C,,,,,C,Y,N,D,1,0,0,0,22350.0,3,40.58576965332031,-122.36720275878906,4
2020,2020-03-14,1230,3,1,12,6,N,B,Y,C,H,A,D,22,N,08,E,,,,,I,Y,N,D,1,0,0,0,22107.0,1,40.4835090637207,-122.32260131835938,3
2020,2020-03-09,640,3,1,6,1,Y,A,N,A,H,D,D,22,,09,D,,,,,C,Y,N,D,1,0,0,0,21802.0,2,40.39659118652344,-122.27395629882812,4
2020,2020-03-14,1229,3,1,12,6,N,B,Y,B,H,A,A,01,N,03,F,,,,,I,Y,N,D,1,0,0,0,22350.0,1,40.48333740234375,-122.32243347167967,4
2020,2020-03-13,1255,3,1,12,5,Y,A,Y,A,H,A,D,22,,09,D,,,,,C,Y,N,D,3,0,0,0,21802.0,3,40.53841018676758,-122.17424011230467,4
2020,2020-03-16,1140,3,1,11,1,N,B,Y,C,H,A,A,07,W,08,F,,,,,A,Y,N,D,2,0,0,0,22107.0,1,40.64577865600586,-121.46567535400392,3
2020,2020-03-18,1025,3,1,10,3,N,B,Y,B,H,A,D,22,S,03,C,,,,Y,C,Y,N,D,3,0,0,0,22350.0,4,40.637428283691406,-122.36637878417967,3
2020,2020-02-21,2343,2,4,23,5,N,A,N,A,H,D,A,01,S,01,A,,,,,C,Y,N,D,2,0,0,0,23152.0,2,,,3
2020,2020-03-11,847,3,1,8,3,Y,A,N,A,H,A,H,13,,12,D,,,,,C,Y,N,A,2,0,0,0,21453.0,3,40.538959503173835,-122.354736328125,4
2020,2020-02-14,1300,2,4,13,5,Y,A,Y,A,H,A,L,04,,05,D,,Y,,Y,G,N,N,D,1,0,1,0,21650.0,2,40.889896392822266,-121.65289306640624,4
2020,2020-03-14,2305,3,1,23,6,N,A,Y,A,D,D,A,07,N,07,C,,,,,C,Y,N,D,7,0,0,0,21658.0,2,40.443607330322266,-122.2885971069336,3
2020,2020-03-15,1627,3,1,16,7,N,B,Y,C,H,A,-,40,N,03,E,,,,,I,Y,N,D,1,0,0,0,22350.0,1,40.87872314453125,-122.3779067993164,3
2020,2020-03-15,1633,3,1,16,7,N,B,Y,C,H,A,D,22,N,03,C,,,,,C,Y,N,D,3,0,0,0,22350.0,6,40.878604888916016,-122.37629699707033,4
2020,2020-03-21,1845,3,1,18,6,N,A,Y,A,H,D,D,22,N,08,E,,,,,I,Y,N,D,1,0,0,0,22107.0,1,40.70491027832031,-121.4184112548828,3
2020,2020-01-03,1350,1,4,13,5,N,A,Y,A,H,A,D,22,E,05,A,,,,Y,C,Y,N,D,0,0,0,0,21460.0,2,40.74609756469727,-122.06253814697266,1
2020,2020-03-19,1730,3,1,17,4,N,A,N,A,H,A,A,07,N,08,E,,,,,I,N,N,D,1,0,0,0,22107.0,1,40.404800415039055,-122.28852081298828,4
2020,2020-03-23,1610,3,1,16,1,N,C,Y,B,H,A,A,01,N,08,E,,,,,I,Y,N,D,2,0,0,0,22107.0,1,40.511985778808594,-122.34249877929688,4
2020,2020-03-21,1422,3,1,14,6,N,A,N,A,H,A,C,02,E,03,E,,,Y,,I,Y,N,D,1,0,0,1,22350.0,1,40.439014434814446,-122.38673400878906,2
2020,2020-03-27,1945,3,1,19,5,N,A,N,A,H,D,A,07,S,08,E,,,,,I,Y,N,D,1,0,0,0,22107.0,1,40.5219955444336,-122.49674987792967,3
2020,2020-03-27,1140,3,1,11,5,N,A,N,A,H,A,A,01,S,08,E,,,,,I,Y,N,D,1,0,0,0,22107.0,1,40.5865592956543,-122.2969207763672,3
2020,2020-03-20,1425,3,1,14,5,N,A,N,A,H,A,A,07,E,08,E,,,,,I,Y,N,D,3,0,0,0,22107.0,1,40.62687683105469,-121.91895294189452,4
2020,2020-03-01,500,3,1,5,7,N,A,Y,A,H,D,A,01,S,01,E,,,,,I,Y,N,D,0,0,0,0,23152.0,1,40.676860809326165,-122.34803771972656,1
2020,2020-04-03,300,4,1,3,5,N,A,N,A,H,D,-,- ,W,18,E,,,Y,,H,N,N,D,1,0,0,1,,1,40.48036956787109,-122.27442932128906,4
2020,2020-03-31,1332,3,1,13,2,N,A,Y,A,H,A,D,22,S,01,E,,,,,I,Y,N,D,1,0,0,0,23152.0,1,40.53641891479492,-122.35090637207033,3
2020,2020-04-09,1348,4,1,13,4,N,A,N,A,H,A,A,07,N,01,E,,,,,I,Y,N,D,1,0,0,0,23152.0,1,,,2
2020,2020-04-04,1850,4,1,18,6,N,C,N,B,H,A,A,07,E,01,E,,,,,I,Y,N,D,1,0,0,0,23152.0,1,40.45521926879882,-122.27409362792967,3
2020,2020-04-06,230,4,1,2,1,Y,C,N,B,H,D,A,07,,03,E,,,,,I,Y,N,D,1,0,0,0,22350.0,1,40.52009963989258,-122.3336181640625,4
2020,2020-02-14,115,2,4,1,5,N,A,Y,A,H,D,A,01,N,01,C,,,,,C,Y,N,D,2,0,0,0,23152.0,2,40.61552429199219,-122.36449432373048,1
2020,2020-04-08,1650,4,1,16,3,N,A,N,A,H,A,C,02,W,03,F,,,Y,,A,Y,N,D,1,0,0,1,22350.0,1,40.642859,-121.821639,3
2020,2020-04-09,1238,4,1,12,4,N,A,Y,A,H,A,-,- ,N,18,F,,,,,A,Y,N,D,1,0,0,0,,1,40.99069213867188,-122.42547607421876,4
2020,2020-04-09,1905,4,1,19,4,N,A,Y,A,H,A,A,07,W,08,E,,,,,I,Y,N,D,1,0,0,0,22107.0,1,40.63031005859375,-122.36875915527344,3
2020,2020-04-14,120,4,1,1,2,N,A,Y,A,H,D,A,07,W,01,E,,,,,I,Y,N,D,1,0,0,0,23152.0,1,40.66096115112305,-122.19263458251952,3
2020,2020-04-15,1638,4,1,16,3,N,A,Y,A,H,A,D,22,N,01,B,,,,Y,C,Y,N,A,1,0,0,0,23152.0,2,40.919681549072266,-122.39862060546876,3
2020,2020-04-14,1728,4,1,17,2,N,A,N,A,H,A,A,07,W,08,E,,,,,I,Y,N,A,2,0,0,0,22107.0,2,40.38930130004882,-122.29485321044922,3
2020,2020-04-19,2050,4,1,20,7,N,A,N,A,H,D,-,- ,W,18,E,,,,,H,Y,N,D,1,0,0,0,,1,40.38839721679688,-122.43064880371094,4
2020,2020-04-18,1420,4,1,14,6,N,A,N,A,H,A,A,07,W,05,B,,,,,C,Y,N,D,1,0,0,0,21460.0,2,40.4846076965332,-122.37921905517578,4
2020,2020-04-17,2325,4,1,23,5,N,A,N,A,H,D,D,22,E,01,E,,,,,I,Y,N,D,1,0,0,0,23152.0,1,,,2
2020,2020-04-20,1000,4,1,10,1,N,A,N,A,H,A,C,02,W,03,F,,,Y,,A,N,N,D,1,0,0,1,22350.0,1,,,2
2020,2020-04-17,2059,4,1,20,5,N,A,Y,A,H,D,A,01,E,03,E,,,,,J,Y,N,D,1,0,0,0,22350.0,1,40.51008224487305,-121.953857421875,2
2020,2020-04-25,1634,4,1,16,6,N,A,N,A,H,A,C,02,W,01,F,,,Y,,A,Y,N,D,1,0,0,1,23152.0,1,40.62105178833008,-122.46627807617188,2
2020,2020-04-26,737,4,1,7,7,N,A,N,A,H,A,D,22,N,08,E,,,,,I,Y,N,D,1,0,0,0,22107.0,1,40.51286697387695,-122.33358764648438,4
2020,2020-04-26,1730,4,1,17,7,N,A,N,A,H,A,A,01,W,01,A,,,,,C,Y,N,D,2,0,0,0,23152.0,2,40.49608612060546,-122.47499084472656,2
2020,2020-05-01,1535,5,1,15,5,N,A,Y,A,H,A,A,01,E,03,E,,,,,I,Y,N,D,1,0,0,0,22350.0,1,40.57765579223633,-122.334228515625,4
2020,2020-05-04,400,5,1,4,1,N,A,Y,A,H,D,A,01,,03,C,,,,Y,C,N,N,A,1,0,0,0,22350.0,2,40.552852630615234,-122.35582733154295,4
2020,2020-03-28,1755,3,1,17,6,N,B,Y,B,H,A,A,01,E,08,E,,,,,I,Y,N,D,0,0,0,0,22107.0,1,40.7327537536621,-122.07398223876952,1
2020,2020-05-01,1325,5,1,13,5,N,A,N,A,H,A,D,22,E,01,C,Y,,,,E,Y,N,D,3,1,0,0,23152.0,3,40.56383895874024,-122.23194122314452,4
2020,2020-05-08,1440,5,1,14,5,Y,A,Y,A,H,A,A,01,,09,D,,,,,C,Y,N,D,2,0,0,0,21802.0,2,40.48122024536133,-122.34626770019533,4
2020,2020-05-09,2105,5,1,21,6,N,A,N,A,H,D,C,02,N,03,E,,,Y,,I,Y,N,A,1,0,0,1,22350.0,1,40.58618927001953,-122.30661010742188,3
2020,2020-05-05,1305,5,1,13,2,Y,A,Y,A,H,A,A,01,,09,D,,,,,C,Y,N,D,2,0,0,0,21802.0,2,40.538440704345696,-122.17426300048828,3
2020,2020-05-02,20,5,1,0,6,N,A,Y,A,H,C,D,22,S,08,E,,,,,I,Y,N,D,1,0,0,0,22107.0,1,40.38824081420898,-122.28453063964844,2
2020,2020-04-27,1155,4,1,11,1,N,A,N,A,H,A,A,07,E,01,F,,,,,A,Y,N,D,2,0,0,0,23152.0,1,40.621952056884766,-121.98009490966795,2
2020,2020-05-08,1425,5,1,14,5,Y,A,Y,A,H,A,A,07,,09,D,,,,,C,Y,N,D,1,0,0,0,21801.0,3,40.6346092224121,-122.56163787841795,3
2020,2020-05-09,1415,5,1,14,6,N,A,Y,A,H,A,C,02,W,08,F,,,Y,,A,Y,N,D,2,0,0,2,22107.0,1,,,3
2020,2020-05-10,609,5,1,6,7,N,A,N,A,H,A,A,01,W,08,E,,,,,I,Y,N,D,1,0,0,0,22107.0,1,40.478633880615234,-122.21100616455078,4
2020,2020-05-15,2243,5,1,22,5,N,A,Y,A,H,D,C,02,W,08,F,,,Y,,A,N,N,D,1,0,0,1,22107.0,1,40.69025802612305,-122.4157485961914,2
2020,2020-05-14,645,5,1,6,4,Y,B,Y,A,H,A,D,22,,09,D,,,,,C,Y,N,D,2,0,0,0,21801.0,2,40.481239318847656,-122.34625244140624,3
2020,2020-05-09,2310,5,1,23,6,N,A,Y,A,D,D,G,25,N,08,E,,,,Y,I,Y,N,D,1,0,0,0,22107.0,1,41.1826400756836,-122.29021453857422,4
2020,2020-05-15,900,5,1,9,5,N,A,Y,A,H,A,A,01,N,07,B,,,,,C,Y,M,D,1,0,0,0,21658.0,3,40.458457946777344,-122.29772186279295,4
2020,2020-05-15,2224,5,1,22,5,N,B,Y,A,H,C,D,22,N,07,B,,,,,C,Y,N,D,2,0,0,0,21658.0,2,40.62441635131836,-122.36681365966795,4